,K0,K1,K2,K3,K4,K5,K6
0,ACURA MDX,['ACURA MDX'],['ACURA: MDX'],['ACURA MDX'],['ACURA MDX'],['ACURA MDX'],['ACURA ÂÑÅ']
1,ACURA RDX,['ACURA RDX'],['ACURA: MDX'],['ACURA RDX'],['ACURA RDX'],['ACURA RDX'],['ACURA ÂÑÅ']
2,ACURA TLX,['ACURA TLX'],['ACURA: MDX'],['ACURA TLX'],['ACURA TLX'],['ACURA TLX'],['ACURA ÂÑÅ']
3,ALFA ROMEO 147,['ALFA ROMEO MITO'],['ALFA ROMEO: ÂÑÅ'],['ALFA ROMEO 147'],['ALFA ROMEO 147'],['ALFA ROMEO ÂÑÅ ÌÎÄÅËÈ'],[]
4,ALFA ROMEO 159,['ALFA ROMEO MITO'],['ALFA ROMEO: ÂÑÅ'],['ALFA ROMEO 159'],['ALFA ROMEO 159'],['ALFA ROMEO ÂÑÅ ÌÎÄÅËÈ'],[]
5,ALFA ROMEO 4C,['ALFA ROMEO MITO'],['ALFA ROMEO: ÂÑÅ'],['ALFA ROMEO 147'],['ALFA ROMEO 147'],['ALFA ROMEO ÂÑÅ ÌÎÄÅËÈ'],[]
6,ALFA ROMEO BRERA,['ALFA ROMEO GIULIETTA'],['ALFA ROMEO: ÂÑÅ'],['ALFA ROMEO BRERA'],['ALFA ROMEO BRERA'],[],[]
7,ALFA ROMEO GT,['ALFA ROMEO MITO'],['ALFA ROMEO: ÂÑÅ'],['ALFA ROMEO GT'],['ALFA ROMEO GT'],['ALFA ROMEO ÂÑÅ ÌÎÄÅËÈ'],[]
8,ALFA ROMEO GIULIETTA,['ALFA ROMEO GIULIETTA'],['ALFA ROMEO: ÂÑÅ'],['ALFA ROMEO GT'],['ALFA ROMEO GIULIETTA'],[],[]
9,ALFA ROMEO MITO,['ALFA ROMEO MITO'],['ALFA ROMEO: ÂÑÅ'],['ALFA ROMEO MITO'],['ALFA ROMEO MITO'],['ALFA ROMEO ÂÑÅ ÌÎÄÅËÈ'],[]
10,ALFA ROMEO SPIDER,['ALFA ROMEO MITO'],['ALFA ROMEO: ÂÑÅ'],['ALFA ROMEO SPIDER'],['ALFA ROMEO SPIDER'],[],[]
11,ASTON MARTIN CYGNET,[],[],['ASTON MARTIN ALL MODELS'],[],['ASTON MARTIN ÂÑÅ ÌÎÄÅËÈ'],[]
12,ASTON MARTIN DB11,[],[],['ASTON MARTIN ALL MODELS'],[],['ASTON MARTIN ÂÑÅ ÌÎÄÅËÈ'],[]
13,ASTON MARTIN DB9,[],[],['ASTON MARTIN ALL MODELS'],[],['ASTON MARTIN ÂÑÅ ÌÎÄÅËÈ'],[]
14,ASTON MARTIN DBS,[],[],['ASTON MARTIN ALL MODELS'],[],['ASTON MARTIN ÂÑÅ ÌÎÄÅËÈ'],[]
15,ASTON MARTIN RAPIDE,['SKODA RAPID'],[],['ASTON MARTIN ALL MODELS'],['SMART ROADSTER'],['ASTON MARTIN ÂÑÅ ÌÎÄÅËÈ'],['SKODA RAPID']
16,ASTON MARTIN V12 VANTAGE,[],[],['ASTON MARTIN ALL MODELS'],[],[],[]
17,ASTON MARTIN V8 VANTAGE,[],[],['ASTON MARTIN ALL MODELS'],[],['ASTON MARTIN ÂÑÅ ÌÎÄÅËÈ'],[]
18,ASTON MARTIN VANQUISH,[],[],['ASTON MARTIN ALL MODELS'],[],[],[]
19,ASTON MARTIN VIRAGE,[],[],['ASTON MARTIN ALL MODELS'],[],['ASTON MARTIN ÂÑÅ ÌÎÄÅËÈ'],[]
20,AUDI A1,['AUDI A1'],['AUDI: A6'],['AUDI A1'],['AUDI A1'],['AUDI A1'],['AUDI A1']
21,AUDI A3,['AUDI A3'],['AUDI: A3'],['AUDI A3'],['AUDI A3'],['AUDI A3'],['AUDI A3']
22,AUDI A4,['AUDI A4'],['AUDI: A4'],['AUDI A4'],['AUDI A4'],['AUDI A4'],['AUDI A4']
23,AUDI A4 ALLROAD QUATTRO,['AUDI A4 ALLROAD'],['AUDI: A4 ALLROAD'],[],['AUDI A4 ALLROAD'],[],[]
24,AUDI A5,['AUDI A5'],['AUDI: A5'],['AUDI A5'],['AUDI A5'],['AUDI A5'],['AUDI A5']
25,AUDI A6,['AUDI A6'],['AUDI: A6'],['AUDI A6'],['AUDI A6'],['AUDI A6'],['AUDI A6']
26,AUDI A6 ALLROAD QUATTRO,['AUDI A6 ALLROAD'],['AUDI: A6 ALLROAD'],[],['AUDI A6 ALLROAD'],[],[]
27,AUDI A7,['AUDI A7'],['AUDI: Q7'],['AUDI A7'],['AUDI A7'],['AUDI A7'],['AUDI A7']
28,AUDI A8,['AUDI A8'],['AUDI: A6'],['AUDI A8'],['AUDI A8'],['AUDI A8'],['AUDI A8']
29,AUDI Q3,['AUDI Q3'],['AUDI: Q3'],['AUDI Q3'],['AUDI Q3'],['AUDI Q3'],['AUDI Q3']
30,AUDI Q5,['AUDI Q5'],['AUDI: Q5'],['AUDI Q5'],['AUDI Q5'],['AUDI Q5'],['AUDI Q5']
31,AUDI Q7,['AUDI Q7'],['AUDI: Q7'],['AUDI Q7'],['AUDI Q7'],['AUDI Q7'],['AUDI Q7']
32,AUDI R8,['AUDI R8'],['AUDI: TT'],['AUDI R8'],['AUDI R8'],['AUDI S8'],['AUDI A8']
33,AUDI RS 3,['AUDI RS Q3'],['AUDI: Q3'],['AUDI S/RS'],['AUDI S3'],['AUDI S3'],['AUDI Q3']
34,AUDI RS 4,['AUDI RS4'],['AUDI: A4'],['AUDI S/RS'],['AUDI RS4'],['AUDI S4'],['AUDI A4']
35,AUDI RS 5,['AUDI RS5'],['AUDI: Q5'],['AUDI S/RS'],['AUDI RS5'],['AUDI S5'],['AUDI Q5']
36,AUDI RS 6,['AUDI RS6'],['AUDI: A6'],['AUDI S/RS'],['AUDI RS6'],['AUDI S6'],['AUDI A6']
37,AUDI RS Q3,['AUDI RS Q3'],['AUDI: Q3'],['AUDI Q3'],['AUDI S3'],['AUDI S3'],['AUDI Q3']
38,AUDI RS7,['AUDI RS7'],['AUDI: Q7'],['AUDI S/RS'],['AUDI RS6'],['AUDI S7'],['AUDI Q7']
39,AUDI S3,['AUDI S3'],['AUDI: Q3'],['AUDI Q3'],['AUDI S3'],['AUDI S3'],['AUDI Q3']
40,AUDI S4,['AUDI S4'],['AUDI: A4'],['AUDI A4'],['AUDI S4'],['AUDI S4'],['AUDI A4']
41,AUDI S5,['AUDI S5'],['AUDI: Q5'],['AUDI Q5'],['AUDI S5'],['AUDI S5'],['AUDI Q5']
42,AUDI S6,['AUDI S6'],['AUDI: A6'],['AUDI A6'],['AUDI S6'],['AUDI S6'],['AUDI A6']
43,AUDI S7,['AUDI S7'],['AUDI: Q7'],['AUDI Q7'],['AUDI S8'],['AUDI S7'],['AUDI Q7']
44,AUDI S8,['AUDI S8'],['AUDI: TT'],['AUDI R8'],['AUDI S8'],['AUDI S8'],['AUDI A8']
45,AUDI S8 PLUS,['AUDI S8'],"['AUDI: A8, A8L']",['AUDI S/RS'],['AUDI A8 L'],['AUDI S8'],['AUDI A8']
46,AUDI SQ5,['AUDI SQ5'],['AUDI: Q5'],['AUDI Q5'],['AUDI S5'],['AUDI S5'],['AUDI Q5']
47,AUDI TT,['AUDI TT'],['AUDI: TT'],['AUDI TT'],['AUDI TT'],['AUDI TT'],['AUDI Q7']
48,AUDI TT RS,['AUDI TT'],['AUDI: TT'],['AUDI TT'],['AUDI TT'],['AUDI TT'],[]
49,AUDI TTS,['AUDI TT'],['AUDI: TT'],['AUDI TT'],['AUDI TT'],['AUDI TT'],['AUDI Q7']
50,BMW 1ER,['BMW X1'],['BMW: X1'],['BMW X1'],['BMW X1'],['BMW X1'],['BMW X1']
51,BMW 2ER,['BMW 2 SERIES'],['BMW: 7 SERIES'],['BMW 2-SERIES'],['BMW 725'],['BMW Z'],['BMW 7-SERIES']
52,BMW 3ER,['BMW X3'],['BMW: X3'],['BMW X3'],['BMW X3'],['BMW X3'],['BMW X3']
53,BMW 4ER,['BMW Z4'],['BMW: 7 SERIES'],['BMW 4-SERIES'],['BMW Z4'],['BMW Z'],['BMW 7-SERIES']
54,BMW 5ER,['BMW X5'],['BMW: 5 SERIES'],['BMW X5'],['BMW X5'],['BMW X5'],['BMW X5']
55,BMW 6ER,['BMW X6'],['BMW: 7 SERIES'],['BMW X6'],['BMW X6'],['BMW X6'],['BMW X6']
56,BMW 7ER,['BMW 7 SERIES'],['BMW: 7 SERIES'],['BMW 7-SERIES'],['BMW 760'],['BMW Z'],['BMW 7-SERIES']
57,BMW X1,['BMW X1'],['BMW: X1'],['BMW X1'],['BMW X1'],['BMW X1'],['BMW X1']
58,BMW X2,['BMW X6'],['BMW: X3'],['BMW X6'],['BMW X6'],['BMW X6'],['BMW X6']
59,BMW X3,['BMW X3'],['BMW: X3'],['BMW X3'],['BMW X3'],['BMW X3'],['BMW X3']
60,BMW X4,['BMW X4'],['BMW: X3'],['BMW X6'],['BMW X4'],['BMW X6'],['BMW X6']
61,BMW X5,['BMW X5'],['BMW: X3'],['BMW X5'],['BMW X5'],['BMW X5'],['BMW X5']
62,BMW X6,['BMW X6'],['BMW: X3'],['BMW X6'],['BMW X6'],['BMW X6'],['BMW X6']
63,BMW Z4,['BMW Z4'],['BMW: X3'],['BMW X6'],['BMW Z4'],['BMW Z'],['BMW X6']
64,BMW I3,['BMW X3'],['BMW: X3'],['BMW X3'],['BMW X3'],['BMW X3'],['BMW X3']
65,BMW I8,['BMW Z4'],['BMW: X3'],['BMW X6'],['BMW 528'],['BMW Z'],['BMW X6']
66,BYD C10,['BYD F3'],[],[],['BYD F0'],['BYD F3'],[]
67,BYD F0,['BYD F3'],[],[],['BYD F0'],['BYD F3'],['BYD ÂÑÅ']
68,BYD F3,['BYD F3'],[],[],['BYD F3'],['BYD F3'],['BYD ÂÑÅ']
69,BYD F3-R,['BYD F3'],[],[],['BYD F3'],['BYD F3'],[]
70,BYD FLYER II,[],[],[],['BYD FLYER'],[],[]
71,BENTLEY ARNAGE,[],[],['BENTLEY ALL MODELS'],[],[],[]
72,BENTLEY AZURE,[],[],['BENTLEY ALL MODELS'],[],[],[]
73,BENTLEY BENTAYGA,[],[],[],[],[],[]
74,BENTLEY BROOKLANDS,[],[],['BENTLEY ALL MODELS'],[],[],[]
75,BENTLEY CONTINENTAL FLYING SPUR,[],[],[],[],[],[]
76,BENTLEY CONTINENTAL GT,[],[],[],[],[],[]
77,BENTLEY CONTINENTAL GTÑ,[],[],[],[],[],[]
78,BENTLEY CONTINENTAL SUPERSPORTS,[],[],[],[],[],[]
79,BENTLEY FLYING SPUR,[],[],[],[],[],[]
80,BENTLEY MULSANNE,[],[],['BENTLEY ALL MODELS'],[],[],[]
81,BOGDAN 21101,[],[],[],['LADA 2111'],[],[]
82,BOGDAN 21104,[],[],[],['LADA 2114'],[],[]
83,BOGDAN 21112,[],[],[],['LADA 2112'],[],[]
84,BOGDAN 21114,[],[],[],['LADA 2114'],[],[]
85,BRILLIANCE FRV,['BRILLIANCE V5'],[],['BRILLIANCE ALL MODELS'],['BRILLIANCE M2'],['BRILLIANCE V5'],[]
86,BRILLIANCE H230,['BRILLIANCE H530'],[],['BRILLIANCE ALL MODELS'],['BRILLIANCE M2'],['BRILLIANCE H230'],[]
87,BRILLIANCE H530,['BRILLIANCE H530'],[],['BRILLIANCE ALL MODELS'],['BRILLIANCE M2'],['BRILLIANCE H530'],[]
88,BRILLIANCE M1,['BRILLIANCE V5'],[],['BRILLIANCE ALL MODELS'],['BRILLIANCE M1'],['BRILLIANCE V5'],[]
89,BRILLIANCE M2,['BRILLIANCE V5'],[],['BRILLIANCE ALL MODELS'],['BRILLIANCE M2'],['BRILLIANCE H230'],[]
90,BRILLIANCE V5,['BRILLIANCE V5'],[],['BRILLIANCE ALL MODELS'],['BRILLIANCE M2'],['BRILLIANCE V5'],[]
91,CADILLAC ATS,['CADILLAC ATS'],['CADILLAC: SRX '],['CADILLAC ATS'],['CADILLAC ATS'],['CADILLAC CTS'],['CADILLAC SRX']
92,CADILLAC BLS,['CADILLAC SRX'],['CADILLAC: SRX '],['CADILLAC BLS'],['CADILLAC XLR'],['CADILLAC SRX'],['CADILLAC SRX']
93,CADILLAC CT6,['CADILLAC CTS'],['CADILLAC: SRX '],['CADILLAC CTS'],['CADILLAC CTS'],['CADILLAC CTS'],['CADILLAC SRX']
94,CADILLAC CTS,['CADILLAC CTS'],['CADILLAC: SRX '],['CADILLAC CTS'],['CADILLAC CTS'],['CADILLAC CTS'],['CADILLAC SRX']
95,CADILLAC ESCALADE,['CADILLAC ESCALADE'],['CADILLAC: ESCALADE'],['CADILLAC ESCALADE'],['CADILLAC ESCALADE'],['CADILLAC ESCALADE'],['CADILLAC ESCALADE']
96,CADILLAC SRX,['CADILLAC SRX'],['CADILLAC: SRX '],['CADILLAC SRX'],['CADILLAC SRX'],['CADILLAC SRX'],['CADILLAC SRX']
97,CADILLAC STS,['CADILLAC CTS'],['CADILLAC: SRX '],['CADILLAC STS'],['CADILLAC STS'],['CADILLAC CTS'],['CADILLAC SRX']
98,CADILLAC XT5,['CADILLAC SRX'],['CADILLAC: SRX '],['CADILLAC STS'],['CADILLAC XLR'],['CADILLAC SRX'],['CADILLAC SRX']
99,CATERHAM SEVEN,[],[],[],[],[],[]
100,CHANGAN CS35,['CHANGAN CS35'],[],['CHANGAN CS35'],['CHANGAN CS35'],[],[]
101,CHANGAN CS75,['CHANGAN CS35'],[],['CHANGAN CS35'],['CHANGAN CS35'],[],[]
102,CHANGAN EADO,['CHANGAN EADO'],[],['CHANGAN EADO'],['CHANGAN EADO'],[],[]
103,CHANGAN RAETON,['CHANGAN EADO'],['SSANGYOUNG: REXTON'],['CHANGAN RAETON'],['CHANGAN RAETON'],['SSANGYONG REXTON'],['SSANG YONG REXTON']
104,CHERY AMULET,['CHERY AMULET'],[],['CHERY AMULET (A15)'],['CHERY AMULET'],[],['CHERY TIGGO']
105,CHERY ARRIZO 7,['CHERY KIMO'],[],['CHERY ARRIZO (M16)'],['CHERY KIMO'],['CHERY KIMO (A1)'],['CHERY TIGGO']
106,CHERY BONUS,['CHERY BONUS'],[],['CHERY BONUS (A13)'],['CHERY BONUS'],['CHERY BONUS (A13)'],['CHERY BONUS']
107,CHERY BONUS 3,['CHERY BONUS'],[],['CHERY BONUS (A13)'],['CHERY BONUS'],['CHERY BONUS (A13)'],['CHERY BONUS']
108,CHERY CROSSEASTAR,['CHERY CROSSEASTAR'],[],['CHERY CROSSEASTER (B14)'],['CHERY CROSS EASTAR'],[],[]
109,CHERY EASTAR,['CHERY CROSSEASTAR'],[],['CHEVROLET ASTRA'],['CHERY CROSS EASTAR'],['CHERY INDIS'],['CHERY TIGGO']
110,CHERY FORA,['CHERY FORA'],[],['CHERY FORA (A21)'],['CHERY FORA'],['CHERY KIMO (A1)'],['CHERY TIGGO']
111,CHERY INDIS,['CHERY INDIS'],[],['CHERY INDIS'],['CHERY INDIS'],['CHERY INDIS'],['CHERY INDIS']
112,CHERY KIMO,['CHERY KIMO'],[],['CHERY KIMO (A1)'],['CHERY KIMO'],['CHERY KIMO (A1)'],['CHERY TIGGO']
113,CHERY M11,['CHERY M11'],[],['CHERY M11'],['CHERY M11'],['CHERY KIMO (A1)'],['CHERY TIGGO']
114,CHERY QQ,['CHERY QQ6'],[],['CHERY QQ'],['CHERY QQ6'],['CHERY INDIS'],['CHERY TIGGO']
115,CHERY QQ6,['CHERY QQ6'],[],['CHERY QQ'],['CHERY QQ6'],['CHERY INDIS'],['CHERY TIGGO']
116,CHERY TIGGO,['CHERY TIGGO'],[],['CHERY TIGGO (T11)'],['CHERY TIGGO'],['CHERY TIGGO (SUV T11)'],['CHERY TIGGO']
117,CHERY TIGGO 2,['CHERY TIGGO'],[],['CHERY TIGGO (T11)'],['CHERY TIGGO'],['CHERY TIGGO (SUV T11)'],['CHERY TIGGO']
118,CHERY TIGGO 3,['CHERY TIGGO'],[],['CHERY TIGGO (T11)'],['CHERY TIGGO'],['CHERY TIGGO (SUV T11)'],['CHERY TIGGO']
119,CHERY TIGGO 5,['CHERY TIGGO'],[],['CHERY TIGGO (T11)'],['CHERY TIGGO'],['CHERY TIGGO (SUV T11)'],['CHERY TIGGO']
120,CHERY TIGGO FL,['CHERY TIGGO'],[],['CHERY TIGGO (T11)'],['CHERY TIGGO'],['CHERY TIGGO (SUV T11)'],['CHERY TIGGO']
121,CHERY VERY,['CHERY VERY'],[],['CHERY QQ'],['CHERY VERY'],[],[]
122,CHEVROLET AVEO,['CHEVROLET AVEO'],['CHEVROLET: AVEO'],['CHEVROLET AVEO'],['CHEVROLET AVEO'],['CHEVROLET AVEO'],['CHEVROLET AVEO']
123,CHEVROLET CAMARO,['CHEVROLET CAMARO'],['CHEVROLET: AVEO'],['CHEVROLET CAMARO'],['CHEVROLET ALERO'],['CHEVROLET AVEO'],['CHEVROLET AVEO']
124,CHEVROLET CAPTIVA,['CHEVROLET CAPTIVA'],['CHEVROLET: CAPTIVA'],['CHEVROLET CAPTIVA'],['CHEVROLET CAPTIVA'],['CHEVROLET CAPTIVA'],['CHEVROLET CAPTIVA']
125,CHEVROLET COBALT,['CHEVROLET COBALT'],['CHEVROLET: CAPTIVA'],['CHEVROLET COBALT'],['CHEVROLET COBALT'],['CHEVROLET COBALT'],['CHEVROLET COBALT']
126,CHEVROLET CORVETTE,['CHEVROLET LACETTI'],['CHEVROLET: CRUZE'],['CHEVROLET CORVETTE'],['CHEVROLET CORVETTE'],['CHEVROLET LACETTI'],['CHEVROLET LACETTI']
127,CHEVROLET CRUZE,['CHEVROLET CRUZE'],['CHEVROLET: CRUZE'],['CHEVROLET CRUZE'],['CHEVROLET CRUZE'],['CHEVROLET CRUZE'],['CHEVROLET CRUZE']
128,CHEVROLET EPICA,['CHEVROLET EPICA'],['CHEVROLET: EPICA'],['CHEVROLET EPICA'],['CHEVROLET EPICA'],['CHEVROLET EPICA'],['CHEVROLET NIVA']
129,CHEVROLET LACETTI,['CHEVROLET LACETTI'],['CHEVROLET: AVEO'],['CHEVROLET LACETTI'],['CHEVROLET LACETTI'],['CHEVROLET LACETTI'],['CHEVROLET LACETTI']
130,CHEVROLET LANOS,['CHEVROLET LANOS'],['CHEVROLET: ORLANDO'],['CHEVROLET LANOS'],['CHEVROLET LANOS'],['CHEVROLET ORLANDO'],['CHEVROLET LANOS']
131,CHEVROLET MALIBU,['CHEVROLET MALIBU'],['CHEVROLET: AVEO'],['CHEVROLET MALIBU'],['CHEVROLET MALIBU'],['CHEVROLET MALIBU'],['CHEVROLET COBALT']
132,CHEVROLET NIVA,['CHEVROLET NIVA'],['CHEVROLET: CAPTIVA'],['CHEVROLET VIVA'],['ÑHEVROLET NIVA'],['CHEVROLET CAPTIVA'],['CHEVROLET NIVA']
133,CHEVROLET ORLANDO,['CHEVROLET ORLANDO'],['CHEVROLET: ORLANDO'],['CHEVROLET ORLANDO'],['CHEVROLET ORLANDO'],['CHEVROLET ORLANDO'],['CHEVROLET ORLANDO']
134,CHEVROLET SPARK,['CHEVROLET SPARK'],['CHEVROLET: SPARK'],['CHEVROLET SPARK'],['CHEVROLET SPARK'],['CHEVROLET SPARK'],['CHEVROLET SPARK']
135,CHEVROLET TAHOE,['CHEVROLET TAHOE'],['CHEVROLET: AVEO'],['CHEVROLET TAHOE'],['CHEVROLET TAHOE'],['CHEVROLET TAHOE'],['CHEVROLET TAHOE']
136,CHEVROLET TRACKER,['CHEVROLET TAHOE'],['CHEVROLET: AVEO'],['CHEVROLET TAHOE'],['CHEVROLET TRACKER'],['CHEVROLET TAHOE'],['CHEVROLET TAHOE']
137,CHEVROLET TRAILBLAZER,['CHEVROLET TRAILBLAZER'],['CHEVROLET: CRUZE'],['CHEVROLET TRAILBRAZER'],['CHEVROLET TRAILBLAZER'],['CHEVROLET TRAIL BLAZER'],['CHEVROLET TRAILBLAZER']
138,CHRYSLER 300C,['CHRYSLER 300C'],['CHRYSLER: ÏÐÎ×ÈÅ'],['CHRYSLER 300C'],['CHRYSLER 300C'],['CHRYSLER 300C'],[]
139,CHRYSLER GRAND VOYAGER,['CHRYSLER GRAND VOYAGER'],[],['CHRYSLER GRAND VOYAGER'],['CHRYSLER GRAND VOYAGER'],['CHRYSLER GRAND VOYAGER'],[]
140,CHRYSLER PT CRUISER,['CHRYSLER PT CRUISER'],"['CHRYSLER: PT CRUISER, SEBRING']",['CHRYSLER PT CRUISER'],['CHRYSLER PT CRUISER'],['CHEVROLET CRUZE'],['CHEVROLET CRUZE']
141,CHRYSLER PACIFICA,['CHRYSLER PT CRUISER'],['CHEVROLET: EPICA'],['CHRYSLER PACIFICA'],['CHRYSLER PACIFICA'],['CHRYSLER 300C'],[]
142,CHRYSLER SEBRING,['CHRYSLER PT CRUISER'],"['CHRYSLER: PT CRUISER, SEBRING']",['CHRYSLER SEBRING'],['CHRYSLER SEBRING'],['CHRYSLER 300C'],[]
143,CITROEN BERLINGO,['CITROEN BERLINGO'],['CITROEN: BERLINGO'],['CITROEN BERLINGO'],['CITROEN BERLINGO'],['CITROEN BERLINGO'],['CITROEN BERLINGO']
144,CITROEN BERLINGO FIRST,['CITROEN BERLINGO'],['CITROEN: BERLINGO'],['CITROEN BERLINGO'],['CITROEN BERLINGO FIRST'],['CITROEN BERLINGO'],['CITROEN BERLINGO']
145,CITROEN C-CROSSER,['CITROEN C-CROSSER'],"['CITROEN: C-CROSSER, C4 AIRCROSS']",['CITROEN C-CROSSER'],['CITROEN C-CROSSER'],['CITROEN C-CROSSER'],['CITROEN C-CROSSER']
146,CITROEN C-ELYSEE,['CITROEN C-ELYSEE'],['CITROEN: C8'],['CITROEN C-ELYSEE'],['CITROEN C-ELYSEE'],['CITROEN C-ELYSEE'],['CITROEN C-ELYSEE']
147,CITROEN C1,['CITROEN C1'],['CITROEN: C8'],['CITROEN C1'],['CITROEN C1'],['CITROEN C1'],['CITROEN C1']
148,CITROEN C3,['CITROEN C3'],['CITROEN: C3'],['CITROEN C3'],['CITROEN C3'],['CITROEN C3'],['CITROEN C3']
149,CITROEN C3 AIRCROSS,['CITROEN AIRCROSS'],"['CITROEN: C-CROSSER, C4 AIRCROSS']",['CITROEN C4 AIRCROSS'],['CITROEN C4 AIRCROSS'],['CITROEN C4 AIRCROSS'],['CITROEN C-CROSSER']
150,CITROEN C4,['CITROEN C4'],['CITROEN: C4'],['CITROEN C4'],['CITROEN C4'],['CITROEN C4'],['CITROEN C4']
151,CITROEN C4 AIRCROSS,['CITROEN AIRCROSS'],"['CITROEN: C-CROSSER, C4 AIRCROSS']",['CITROEN C4 AIRCROSS'],['CITROEN C4 AIRCROSS'],['CITROEN C4 AIRCROSS'],['CITROEN C-CROSSER']
152,CITROEN C5,['CITROEN C5'],['CITROEN: C8'],['CITROEN C5'],['CITROEN C5'],['CITROEN C5'],['CITROEN C5']
153,CITROEN C6,['CITROEN C5'],['CITROEN: C6'],['CITROEN C6'],['CITROEN C6'],['CITROEN C6'],['CITROEN C5']
154,CITROEN DS3,['CITROEN DS3'],['CITROEN: DS3'],['CITROEN DS3'],['CITROEN DS3'],['CITROEN DS3'],['CITROEN DS4']
155,CITROEN DS4,['CITROEN DS4'],['CITROEN: DS4'],['CITROEN DS4'],['CITROEN DS4'],['CITROEN DS4'],['CITROEN DS4']
156,CITROEN DS5,['CITROEN DS5'],['CITROEN: DS4'],['CITROEN DS5'],['CITROEN DS5'],['CITROEN DS5'],['CITROEN DS4']
157,CITROEN GRAND C4,['CITROEN C4'],['CITROEN: C4'],['CITROEN C4'],['CITROEN GRAND C4 PICASSO'],['CITROEN C4'],['CITROEN C4']
158,CITROEN XSARA,['CITROEN DS5'],['CITROEN: DS4'],['CITROEN XSARA'],['CITROEN XSARA'],['CITROEN DS5'],['CITROEN DS4']
159,DW HOWER H3,['HUMMER H3'],[],[],['HUMMER H3'],[],[]
160,DW HOWER H5,[],[],[],[],[],[]
161,DAEWOO GENTRA,['DAEWOO GENTRA'],['DAEWOO: NEXIA'],['DAEWOO GENTRA'],['DAEWOO GENTRA'],['DAEWOO NEXIA'],['DAEWOO GENTRA']
162,DAEWOO MATIZ,['DAEWOO MATIZ'],['DAEWOO: MATIZ'],['DAEWOO MATIZ'],['DAEWOO MATIZ'],['DAEWOO MATIZ'],['DAEWOO MATIZ']
163,DAEWOO NEXIA,['DAEWOO NEXIA'],['DAEWOO: NEXIA'],['DAEWOO NEXIA'],['DAEWOO NEXIA'],['DAEWOO NEXIA'],['DAEWOO NEXIA']
164,DATSUN MI-DO,['DATSUN ON-DO'],[],['DATSUN MI-DO'],['DATSUN MI-DO'],['DATSUN MI-DO'],[]
165,DATSUN ON-DO,['DATSUN ON-DO'],[],['DATSUN ON-DO'],['DATSUN ON-DO'],['DATSUN ON-DO'],[]
166,DODGE CALIBER,['DODGE CALIBER'],[],['DODGE CALIBER'],['DODGE CALIBER'],[],[]
167,DODGE JOURNEY,['DODGE JOURNEY'],[],['DODGE JOURNEY'],['DODGE JOURNEY'],[],[]
168,DODGE NITRO,['DODGE NITRO'],[],['DODGE NITRO'],['DODGE NITRO'],[],['DODGE ÂÑÅ']
169,DONGFENG (DFM) AX7,['DONGFENG S30'],[],[],[],[],[]
170,DONGFENG (DFM) H30,['DONGFENG H30'],[],[],[],[],[]
171,DONGFENG (DFM) S30,['DONGFENG S30'],[],[],[],[],[]
172,FAW BESTURN B50,['FAW BESTURN'],[],[],['FAW BESTURN B 50'],['FAW BESTURN B50'],[]
173,FAW BESTURN B70,['FAW BESTURN'],[],[],['FAW BESTURN B 70'],['FAW BESTURN B50'],[]
174,FAW BESTURN X80,['FAW BESTURN'],[],[],['FAW BESTURN B 70'],['FAW BESTURN B50'],[]
175,FAW OLEY,[],[],[],[],[],[]
176,FAW V2,['FAW V5'],[],[],['FAW V 2'],[],['FAW ÂÑÅ']
177,FAW V5,['FAW V5'],[],[],['FAW V 5'],[],['FAW ÂÑÅ']
178,FAW VITA,['FAW V5'],[],[],['FAW VITA'],['ZAZ VIDA'],[]
179,FERRARI 458,[],[],[],[],[],[]
180,FERRARI 488,[],[],[],[],[],[]
181,FERRARI 599,[],[],[],[],[],[]
182,FERRARI 812 SUPERFAST,[],[],[],[],[],[]
183,FERRARI CALIFORNIA,['VOLKSWAGEN CALIFORNIA'],['VOLKSWAGEN: CALIFORNIA'],['FERRARI ALL MODELS'],[],[],[]
184,FERRARI F12,[],[],[],[],[],[]
185,FERRARI FF,[],[],[],[],[],[]
186,FERRARI GTC4LUSSO,[],[],[],[],[],[]
187,FERRARI LAFERRARI,[],[],[],[],[],[]
188,FERRARI PORTOFINO,[],[],[],[],[],[]
189,FIAT 500,['FIAT 500'],[],['FIAT 500'],['FIAT 500'],[],[]
190,FIAT ALBEA,['FIAT ALBEA'],[],['FIAT ALBEA'],['FIAT ALBEA'],['FIAT ALBEA'],['FIAT ALBEA']
191,FIAT BRAVO,['FIAT BRAVO'],[],['FIAT BRAVO'],['FIAT BRAVO'],['KIA CERATO'],['FIAT DUCATO']
192,FIAT CROMA,['FIAT BRAVO'],[],['FIAT CROMA'],['FIAT CROMA'],['KIA OPTIMA'],['FIAT DUCATO']
193,FIAT DOBLO,['FIAT DOBLO'],['FIAT: DOBLO'],['FIAT DOBLO'],['FIAT DOBLO'],['FIAT ALBEA'],['FIAT DOBLO']
194,FIAT FREEMONT,['FIAT FREEMONT'],[],['FIAT FREEMONT'],['FIAT FREEMONT'],[],[]
195,FIAT GRANDE PUNTO,['FIAT PUNTO'],"['FIAT: GRANDE PUNTO, PUNTO']",['FIAT PUNTO'],['FIAT GRANDE PUNTO'],[],['FIAT DUCATO']
196,FIAT LINEA,['FIAT LINEA'],[],['FIAT LINEA'],['FIAT LINEA'],['FIAT ALBEA'],['FIAT ALBEA']
197,FIAT PANDA,['FIAT PUNTO'],[],['FIAT PANDA'],['FIAT PANDA'],['FIAT ALBEA'],['FIAT ALBEA']
198,FIAT PUNTO,['FIAT PUNTO'],['KIA: PICANTO'],['FIAT PUNTO'],['FIAT PUNTO'],['KIA PICANTO'],['FIAT DUCATO']
199,FIAT SEDICI,[],[],['FIAT SEDICI'],['FIAT SEDICI'],[],['FIAT DUCATO']
200,FORD C-MAX,['FORD C-MAX'],['FORD: C-MAX'],['FORD C-MAX'],['FORD C-MAX'],['FORD S-MAX'],['FORD S-MAX']
201,FORD ECOSPORT,['FORD ECOSPORT'],['FORD: FIESTA'],['FORD ECOSPORT'],['FORD ECOSPORT'],['FORD ECOSPORT'],['FORD ECOSPORT']
202,FORD EDGE,['FORD EDGE'],['FORD: RANGER'],['FORD EDGE'],['FORD EDGE'],['FORD RANGER'],['FORD RANGER']
203,FORD ESCAPE,['FORD ESCAPE'],['FORD: FIESTA'],['FORD ESCAPE'],['FORD ESCAPE'],['FORD FIESTA'],['FORD FIESTA']
204,FORD EXPLORER,['FORD EXPLORER'],"['FORD: EXPLORER, FLEX']",['FORD EXPLORER'],['FORD EXPLORER'],['FORD EXPLORER'],['FORD EXPLORER']
205,FORD FIESTA,['FORD FIESTA'],['FORD: FIESTA'],['FORD FIESTA'],['FORD FIESTA'],['FORD FIESTA'],['FORD FIESTA']
206,FORD FOCUS,['FORD FOCUS'],['FORD: FOCUS'],['FORD FOCUS'],['FORD FOCUS'],['FORD FOCUS'],['FORD FOCUS']
207,FORD FUSION,['FORD FUSION'],['FORD: FUSION'],['FORD FUSION'],['FORD FUSION'],['FORD FUSION'],['FORD FUSION']
208,FORD GALAXY,['FORD GALAXY'],"['FORD: GALAXY, S-MAX']",['FORD GALAXY'],['FORD GALAXY'],['FORD GALAXY'],['FORD GALAXY']
209,FORD GRAND C-MAX,['FORD C-MAX'],['FORD: C-MAX'],['FORD C-MAX'],['FORD GRAND C-MAX'],['FORD S-MAX'],['FORD S-MAX']
210,FORD KUGA,['FORD KUGA'],['FORD: KUGA'],['FORD KUGA'],['FORD KUGA'],['FORD KUGA'],['FORD KUGA']
211,FORD MONDEO,['FORD MONDEO'],['FORD: MONDEO'],['FORD MONDEO'],['FORD MONDEO'],['FORD MONDEO'],['FORD MONDEO']
212,FORD S-MAX,['FORD S-MAX'],['FORD: C-MAX'],['FORD S-MAX'],['FORD S-MAX'],['FORD S-MAX'],['FORD S-MAX']
213,FOTON SAUVANA,[],[],['GMÑ SAVANA'],['GMC SAVANA'],[],[]
214,GEELY ATLAS,['GEELY MK'],[],['GEELY ALL MODELS'],['GEELY OTAKA'],['GEELY MK'],['GEELY MK']
215,GEELY EMGRAND,['GEELY EMGRAND'],[],[],['GEELY EMGRAND'],['GEELY EMGRAND'],['GEELY EMGRAND']
216,GEELY EMGRAND GT,['GEELY EMGRAND'],[],[],['GEELY EMGRAND'],['GEELY EMGRAND'],['GEELY EMGRAND']
217,GEELY EMGRAND X7,['GEELY EMGRAND'],[],[],['GEELY EMGRAND X7'],['GEELY EMGRAND'],['GEELY EMGRAND']
218,GEELY GC6,['GEELY MK'],['GEELY: ÂÑÅ'],[],['GEELY SC7'],['GEELY MK'],['GEELY MK']
219,GEELY MK,['GEELY MK'],['GEELY: ÂÑÅ'],[],['GEELY MK'],['GEELY MK'],['GEELY MK']
220,GEELY VISION,['GEELY MK'],[],[],['GEELY VISION'],['GEELY MK'],['GEELY MK']
221,GENESIS G80,[],[],[],[],[],[]
222,GENESIS G90,[],[],[],[],[],[]
223,GREAT WALL COOLBEAR,['GREAT WALL HOVER'],['GREAT WALL: HOVER'],['GREAT WALL ALL MODELS'],['GREAT WALL COOLBEAR'],['GREAT WALL HOVER'],['GREAT WALL HOVER']
224,GREAT WALL COWRY,['GREAT WALL HOVER'],['GREAT WALL: CC'],['GREAT WALL ALL MODELS'],['GREAT WALL COWRY'],['GREAT WALL HOVER'],['GREAT WALL HOVER']
225,GREAT WALL FLORID,['GREAT WALL HOVER'],['GREAT WALL: HOVER'],['GREAT WALL ALL MODELS'],['GREAT WALL FLORID'],['GREAT WALL SAILOR'],['GREAT WALL HOVER']
226,GREAT WALL HOVER,['GREAT WALL HOVER'],['GREAT WALL: HOVER'],['GREAT WALL ALL MODELS'],['GREAT WALL HOVER'],['GREAT WALL HOVER'],['GREAT WALL HOVER']
227,GREAT WALL HOVER H3,['GREAT WALL HOVER'],['GREAT WALL: HOVER'],['GREAT WALL ALL MODELS'],['GREAT WALL HOVER'],['GREAT WALL HOVER'],['GREAT WALL HOVER']
228,GREAT WALL HOVER H5,['GREAT WALL HOVER'],['GREAT WALL: HOVER'],['GREAT WALL ALL MODELS'],['GREAT WALL HOVER'],['GREAT WALL HOVER'],['GREAT WALL HOVER']
229,GREAT WALL HOVER H6,['GREAT WALL HOVER'],['GREAT WALL: HOVER'],['GREAT WALL ALL MODELS'],['GREAT WALL HOVER'],['GREAT WALL HOVER'],['GREAT WALL HOVER']
230,GREAT WALL HOVER M2,['GREAT WALL HOVER'],['GREAT WALL: HOVER'],['GREAT WALL ALL MODELS'],['GREAT WALL HOVER'],['GREAT WALL HOVER'],['GREAT WALL HOVER']
231,GREAT WALL HOVER M4,['GREAT WALL HOVER'],['GREAT WALL: HOVER'],['GREAT WALL ALL MODELS'],['GREAT WALL HOVER'],['GREAT WALL HOVER'],['GREAT WALL HOVER']
232,GREAT WALL PERI,['GREAT WALL HOVER'],['GREAT WALL: HOVER'],['GREAT WALL ALL MODELS'],['GREAT WALL PERI'],['GREAT WALL HOVER'],['GREAT WALL HOVER']
233,GREAT WALL SAFE,['GREAT WALL HOVER'],['GREAT WALL: CC'],['GREAT WALL ALL MODELS'],['GREAT WALL SAFE'],['GREAT WALL SAILOR'],['GREAT WALL SAFE']
234,HAFEI BRIO,['FIAT BRAVO'],[],['FIAT BRAVO'],['HAFEI BRIO'],[],[]
235,HAFEI PRINCIP,[],[],[],['HAFEI PRINCIP'],[],[]
236,HAFEI SIMBO,[],[],[],['HAFEI SIMBO'],[],[]
237,HAIMA 3,['HAIMA 3'],[],[],['HAIMA 3'],[],['HAIMA ÂÑÅ']
238,HAIMA 7,['HAIMA 7'],[],[],['HAIMA 7'],[],['HAIMA ÂÑÅ']
239,HAIMA M3,['HAIMA M3'],[],[],['HAIMA 3'],[],['HAIMA ÂÑÅ']
240,HAVAL H2,[],[],[],['HAVAL H2'],[],[]
241,HAVAL H6,[],[],[],['HAVAL H6'],[],[]
242,HAVAL H8,[],[],[],['HAVAL H9'],[],[]
243,HAVAL H9,[],[],[],['HAVAL H9'],[],[]
244,HAWTAI BOLIGER,[],[],[],[],[],[]
245,HAWTAI LAVILLE,[],[],[],['CADILLAC SEVILLE'],[],[]
246,HONDA ACCORD,['HONDA ACCORD'],['HONDA: ACCORD'],['HONDA ACCORD'],['HONDA ACCORD'],['HONDA ACCORD'],['HONDA ACCORD']
247,HONDA CR-V,['HONDA CR-V'],['HONDA: CRV'],['HONDA CRV'],['HONDA CR-V'],['HONDA CR-V'],['HONDA CR-V']
248,HONDA CIVIC,['HONDA CIVIC'],['HONDA: CIVIC'],['HONDA CIVIC'],['HONDA CIVIC'],['HONDA CIVIC'],['HONDA CIVIC']
249,HONDA CROSSTOUR,['HONDA CROSSTOUR'],['HONDA: CROSSTOUR'],['HONDA CROSSTOUR'],['HONDA CROSSTOUR'],['HONDA CROSSTOUR'],['HONDA CROSSTOUR']
250,HONDA JAZZ,['HONDA JAZZ'],['HONDA: JAZZ'],['HONDA JAZZ'],['HONDA JAZZ'],['HONDA JAZZ'],['HONDA JAZZ']
251,HONDA LEGEND,['HONDA ELEMENT'],['HONDA: LEGEND'],['HONDA LEGEND'],['HONDA LEGEND'],['HONDA PILOT'],['HONDA PILOT']
252,HONDA PILOT,['HONDA PILOT'],"['HONDA: ELEMENT, PILOT']",['HONDA PILOT'],['HONDA PILOT'],['HONDA PILOT'],['HONDA PILOT']
253,HUMMER H2,['HUMMER H2'],"['HUMMER: H-1, H-2, H-3']",[],['HUMMER H2'],[],[]
254,HUMMER H3,['HUMMER H3'],"['HUMMER: H-1, H-2, H-3']",[],['HUMMER H3'],[],[]
255,HYUNDAI ACCENT,['HYUNDAI ACCENT'],['HYUNDAI: ACCENT'],['HYUNDAI ACCENT'],['HYUNDAI ACCENT'],['HYUNDAI ACCENT'],['HYUNDAI ACCENT']
256,HYUNDAI CRETA,['HYUNDAI GETZ'],['HYUNDAI: GETZ'],['HYUNDAI TRAJET'],['HYUNDAI TRAJET'],['HYUNDAI GETZ'],['HYUNDAI GETZ']
257,HYUNDAI ELANTRA,['HYUNDAI ELANTRA'],['HYUNDAI: ELANTRA'],['HYUNDAI ELANTRA'],['HYUNDAI ELANTRA'],['HYUNDAI ELANTRA'],['HYUNDAI ELANTRA']
258,HYUNDAI ELANTRA XD,['HYUNDAI ELANTRA'],['HYUNDAI: ELANTRA'],['HYUNDAI ELANTRA'],['HYUNDAI ELANTRA'],['HYUNDAI ELANTRA'],['HYUNDAI ELANTRA']
259,HYUNDAI EQUUS,['HYUNDAI EQUUS'],['HYUNDAI: EQUUS'],['HYUNDAI EQUUS'],['HYUNDAI EQUUS'],['HYUNDAI EQUUS'],['HYUNDAI TUCSON']
260,HYUNDAI GENESIS,['HYUNDAI GENESIS'],['HYUNDAI: GETZ'],['HYUNDAI GENESIS'],['HYUNDAI GENESIS'],['HYUNDAI GENESIS'],['HYUNDAI GETZ']
261,HYUNDAI GETZ,['HYUNDAI GETZ'],['HYUNDAI: GETZ'],['HYUNDAI GETZ'],['HYUNDAI GETZ'],['HYUNDAI GETZ'],['HYUNDAI GETZ']
262,HYUNDAI GRAND SANTA FE,['HYUNDAI GRAND SANTA FE'],['HYUNDAI: SANTA FE'],['HYUNDAI SANTA FE'],['HYUNDAI GRAND SANTA FE'],['HYUNDAI SANTA FE'],['HYUNDAI SANTA FE']
263,HYUNDAI GRANDEUR,['HYUNDAI GRANDEUR'],"['HYUNDAI: COUPE, GRANDEUR, NF']",['HYUNDAI GRANDEUR'],['HYUNDAI GRANDEUR'],['HYUNDAI GRANDEUR'],['HYUNDAI PORTER']
264,HYUNDAI MATRIX,['HYUNDAI MATRIX'],['HYUNDAI: SOLARIS'],['HYUNDAI MATRIX'],['HYUNDAI MATRIX'],['HYUNDAI IX55'],['HYUNDAI MATRIX']
265,HYUNDAI NF,['HYUNDAI NF'],['HYUNDAI: H1'],['HYUNDAI XG'],['HYUNDAI NF'],['HYUNDAI NF'],['HYUNDAI H1']
266,HYUNDAI SANTA FE,['HYUNDAI SANTA FE'],['HYUNDAI: SANTA FE'],['HYUNDAI SANTA FE'],['HYUNDAI SANTA FE'],['HYUNDAI SANTA FE'],['HYUNDAI SANTA FE']
267,HYUNDAI SOLARIS,['HYUNDAI SOLARIS'],['HYUNDAI: SOLARIS'],['HYUNDAI SOLARIS'],['HYUNDAI SOLARIS'],['HYUNDAI SOLARIS'],['HYUNDAI SOLARIS']
268,HYUNDAI SONATA,['HYUNDAI SONATA'],['HYUNDAI: SONATA'],['HYUNDAI SONATA'],['HYUNDAI SONATA'],['HYUNDAI SONATA'],['HYUNDAI SONATA']
269,HYUNDAI TUCSON,['HYUNDAI TUCSON'],['HYUNDAI: TUCSON'],['HYUNDAI TUCSON'],['HYUNDAI TUCSON'],['HYUNDAI TUCSON'],['HYUNDAI TUCSON']
270,HYUNDAI VELOSTER,['HYUNDAI VELOSTER'],['HYUNDAI: VELOSTER'],['HYUNDAI VELOSTER'],['HYUNDAI VELOSTER'],['HYUNDAI VELOSTER'],['HYUNDAI PORTER']
271,HYUNDAI VERNA,['HYUNDAI VERNA'],['HYUNDAI: VERNA'],['HYUNDAI VERNA'],['HYUNDAI VERNA'],['HYUNDAI NF'],['HYUNDAI SONATA']
272,HYUNDAI I20,['HYUNDAI I20'],['HYUNDAI: I20'],['HYUNDAI I20'],['HYUNDAI I20'],['HYUNDAI I20'],['HYUNDAI I20']
273,HYUNDAI I30,['HYUNDAI I30'],['HYUNDAI: I30'],['HYUNDAI I30'],['HYUNDAI I30'],['HYUNDAI I30'],['HYUNDAI I30']
274,HYUNDAI I40,['HYUNDAI I40'],['HYUNDAI: I40'],['HYUNDAI I40'],['HYUNDAI I40'],['HYUNDAI I40'],['HYUNDAI I40']
275,HYUNDAI IX35,['HYUNDAI IX35'],['HYUNDAI: I30'],['HYUNDAI IX35'],['HYUNDAI IX35'],['HYUNDAI IX35'],['HYUNDAI IX35']
276,HYUNDAI IX55,['HYUNDAI IX55'],"['HYUNDAI: IX55, IX56']",['HYUNDAI IX55'],['HYUNDAI IX55'],['HYUNDAI IX55'],['HYUNDAI IX55']
277,INFINITI EX,['INFINITI EX'],['INFINITI: EX'],['INFINITI EX/QX50'],['INFINITI EX'],['INFINITI M'],['INFINITI QX50 (EX)']
278,INFINITI FX,['INFINITI FX'],['INFINITI: FX'],['INFINITI FX/QX70'],['INFINITI FX'],['INFINITI M'],['INFINITI QX70 (FX)']
279,INFINITI G,['INFINITI G'],['INFINITI: G'],['INFINITI M/Q70'],['INFINITI G'],['INFINITI G'],['INFINITI Q70 (M)']
280,INFINITI JX,['INFINITI JX'],['INFINITI: FX'],['INFINITI JX/QX60'],['INFINITI JX'],['INFINITI M'],['INFINITI QX60 (JX)']
281,INFINITI M,['INFINITI M'],['INFINITI: G'],['INFINITI M/Q70'],['INFINITI M'],['INFINITI M'],['INFINITI Q70 (M)']
282,INFINITI Q30,['INFINITI Q70'],['INFINITI: G'],['INFINITI M/Q70'],['INFINITI Q70'],['INFINITI M'],['INFINITI Q70 (M)']
283,INFINITI Q50,['INFINITI Q50'],['INFINITI: G'],['INFINITI EX/QX50'],['INFINITI Q50'],['INFINITI EX/QX50'],['INFINITI QX50 (EX)']
284,INFINITI Q60,['INFINITI QX60'],['INFINITI: G'],['INFINITI JX/QX60'],['INFINITI Q60'],['INFINITI JX/QX60'],['INFINITI QX60 (JX)']
285,INFINITI Q70,['INFINITI Q70'],['INFINITI: G'],['INFINITI M/Q70'],['INFINITI Q70'],['INFINITI FX/QX70'],['INFINITI Q70 (M)']
286,INFINITI QX,['INFINITI QX80'],['INFINITI: FX'],['INFINITI JX/QX60'],['INFINITI QX'],['INFINITI M'],['INFINITI QX80 (QX)']
287,INFINITI QX30,['INFINITI QX80'],['INFINITI: FX'],['INFINITI JX/QX60'],['INFINITI QX80'],['INFINITI QX/QX80'],['INFINITI QX80 (QX)']
288,INFINITI QX50,['INFINITI QX50'],['INFINITI: FX'],['INFINITI EX/QX50'],['INFINITI QX50'],['INFINITI EX/QX50'],['INFINITI QX50 (EX)']
289,INFINITI QX60,['INFINITI QX60'],['INFINITI: FX'],['INFINITI JX/QX60'],['INFINITI QX60'],['INFINITI JX/QX60'],['INFINITI QX60 (JX)']
290,INFINITI QX70,['INFINITI QX70'],['INFINITI: FX'],['INFINITI FX/QX70'],['INFINITI QX70'],['INFINITI FX/QX70'],['INFINITI QX70 (FX)']
291,INFINITI QX80,['INFINITI QX80'],['INFINITI: FX'],['INFINITI QX56/QX80'],['INFINITI QX80'],['INFINITI QX/QX80'],['INFINITI QX80 (QX)']
292,IRAN KHODRO SAMAND,[],[],['IRAN KHODRO SAMAND'],['IRAN KHODRO SAMAND'],[],['IRAN KHODRO SAMAND']
293,JAC J5,['JAC J5'],[],['JAC J5'],[],[],[]
294,JAC S5,['JAC S5'],[],['JAC S5'],['AUDI S5'],['AUDI S5'],[]
295,JAGUAR E-PACE,['JAGUAR X-TYPE'],['JAGUAR: XJ'],['JAGUAR X-TYPE'],['JAGUAR X-TYPE'],['JAGUAR XE'],['JAGUAR ÂÑÅ']
296,JAGUAR F-PACE,['JAGUAR F-TYPE'],['JAGUAR: XF'],['JAGUAR F-TYPE'],['JAGUAR F-TYPE'],['JAGUAR XF'],['JAGUAR ÂÑÅ']
297,JAGUAR F-TYPE,['JAGUAR F-TYPE'],['JAGUAR: XF'],['JAGUAR F-TYPE'],['JAGUAR F-TYPE'],['JAGUAR XF'],['JAGUAR ÂÑÅ']
298,JAGUAR I-PACE,['JAGUAR X-TYPE'],['JAGUAR: XJ'],['JAGUAR X-TYPE'],['JAGUAR X-TYPE'],['JAGUAR XE'],['JAGUAR ÂÑÅ']
299,JAGUAR X-TYPE,['JAGUAR X-TYPE'],['JAGUAR: XJ'],['JAGUAR X-TYPE'],['JAGUAR X-TYPE'],['JAGUAR XE'],['JAGUAR ÂÑÅ']
300,JAGUAR XE,['JAGUAR XK'],['JAGUAR: XJ'],['JAGUAR XF'],['JAGUAR XE'],['JAGUAR XE'],['JAGUAR ÂÑÅ']
301,JAGUAR XF,['JAGUAR XF'],['JAGUAR: XF'],['JAGUAR XF'],['JAGUAR XF'],['JAGUAR XF'],['JAGUAR ÂÑÅ']
302,JAGUAR XFR,['JAGUAR XFR'],['JAGUAR: XF'],['JAGUAR XF'],['JAGUAR XF'],['JAGUAR XF'],['JAGUAR ÂÑÅ']
303,JAGUAR XFR-S,['JAGUAR XFR'],['JAGUAR: XF'],['JAGUAR XF'],['JAGUAR XF'],['JAGUAR XF'],['JAGUAR ÂÑÅ']
304,JAGUAR XJ,['JAGUAR XJ'],['JAGUAR: XJ'],['JAGUAR XF'],['JAGUAR XJ'],['JAGUAR XJ'],['JAGUAR ÂÑÅ']
305,JAGUAR XJR,['JAGUAR XJ'],['JAGUAR: XJ'],['JAGUAR XF'],['JAGUAR XJ'],['JAGUAR XJ'],['JAGUAR ÂÑÅ']
306,JAGUAR XK,['JAGUAR XK'],['JAGUAR: XJ'],['JAGUAR XF'],['JAGUAR XK'],['JAGUAR XJ'],['JAGUAR ÂÑÅ']
307,JAGUAR XKR,['JAGUAR XKR'],['JAGUAR: XJ'],['JAGUAR XF'],['JAGUAR XKR'],['JAGUAR XJ'],['JAGUAR ÂÑÅ']
308,JAGUAR XKR-S,['JAGUAR XKR'],['JAGUAR: XJ'],['JAGUAR XF'],['JAGUAR XKR'],['JAGUAR XJ'],['JAGUAR ÂÑÅ']
309,JEEP CHEROKEE,['JEEP CHEROKEE'],[],['JEEP CHEROKEE'],['JEEP CHEROKEE'],['JEEP CHEROKEE'],['JEEP GRAND CHEROKEE']
310,JEEP COMMANDER,['JEEP COMMANDER'],[],['JEEP COMMANDER'],['JEEP COMMANDER'],['JEEP GRAND CHEROKEE'],['JEEP COMPASS (RENEGADE)']
311,JEEP COMPASS,['JEEP COMPASS'],[],['JEEP COMPASS'],['JEEP COMPASS'],[],['JEEP COMPASS (RENEGADE)']
312,JEEP GRAND CHEROKEE,['JEEP GRAND CHEROKEE'],[],['JEEP GRAND CHEROKEE'],['JEEP GRAND CHEROKEE'],['JEEP GRAND CHEROKEE'],['JEEP GRAND CHEROKEE']
313,JEEP LIBERTY,['JEEP LIBERTY'],[],['JEEP LIBERTY'],['JEEP LIBERTY'],[],[]
314,JEEP RENEGADE,['JEEP RENEGADE'],[],['JEEP WRANGLER'],['JEEP RENEGADE'],['JEEP CHEROKEE'],['JEEP COMPASS (RENEGADE)']
315,JEEP WRANGLER,['JEEP WRANGLER'],[],['JEEP WRANGLER'],['JEEP WRANGLER'],['JEEP GRAND CHEROKEE'],['JEEP GRAND CHEROKEE']
316,KIA CARENS,['KIA CARENS'],['KIA: CARNIVAL'],['KIA CARENS'],['KIA CARENS'],['KIA CARENS'],['KIA SORENTO']
317,KIA CARNIVAL,['KIA CARNIVAL'],['KIA: CARNIVAL'],['KIA CARNIVAL'],['KIA CARNIVAL'],['KIA CARENS'],['KIA CERATO']
318,KIA CEED,['KIA CEED'],['KIA: CERATO'],['KIA CEED'],['KIA CEED'],"[""KIA CEE'D""]","[""KIA CEE'D""]"
319,KIA CEED GT,['KIA CEED'],['KIA: CERATO'],['KIA CEED'],['KIA CEED GT'],"[""KIA CEE'D""]","[""KIA CEE'D""]"
320,KIA CERATO,['KIA CERATO'],['KIA: CERATO'],['KIA CERATO'],['KIA CERATO'],['KIA CERATO'],['KIA CERATO']
321,KIA MAGENTIS,['KIA MAGENTIS'],['KIA: MOHAVE'],['KIA MAGENTIS'],['KIA MAGENTIS'],['KIA CARENS'],['KIA MOHAVE']
322,KIA MOHAVE,['KIA MOHAVE'],['KIA: MOHAVE'],['KIA MOHAVE'],['KIA MOHAVE'],['KIA SPORTAGE'],['KIA MOHAVE']
323,KIA OPIRUS,['KIA OPTIMA'],['KIA: OPTIMA'],['KIA OPIRUS'],['KIA OPIRUS'],['KIA OPIRUS'],['KIA OPTIMA']
324,KIA OPTIMA,['KIA OPTIMA'],['KIA: OPTIMA'],['KIA OPTIMA'],['KIA OPTIMA'],['KIA OPTIMA'],['KIA OPTIMA']
325,KIA PICANTO,['KIA PICANTO'],['KIA: PICANTO'],['KIA PICANTO'],['KIA PICANTO'],['KIA PICANTO'],['KIA PICANTO']
326,KIA QUORIS,['KIA QUORIS'],['KIA: RIO'],['KIA QUORIS'],['KIA QUORIS'],['KIA QUORIS'],['KIA RIO']
327,KIA RIO,['KIA RIO'],['KIA: RIO'],['KIA RIO'],['KIA RIO'],['KIA RIO'],['KIA RIO']
328,KIA RIO X-LINE,['KIA RIO'],['KIA: RIO'],['KIA RIO'],['KIA RIO'],['KIA RIO'],['KIA RIO']
329,KIA SORENTO,['KIA SORENTO'],['KIA: SORENTO'],['KIA SORENTO'],['KIA SORENTO'],['KIA SORENTO'],['KIA SORENTO']
330,KIA SOUL,['KIA SOUL'],['KIA: SOUL'],['KIA SOUL'],['KIA SOUL'],['KIA SOUL'],['KIA SOUL']
331,KIA SPECTRA,['KIA SPECTRA'],"['KIA: SHUMA, SPECTRA']",['KIA SPECTRA'],['KIA SPECTRA'],['KIA SPORTAGE'],['KIA SPECTRA']
332,KIA SPORTAGE,['KIA SPORTAGE'],['KIA: SPORTAGE'],['KIA SPORTAGE'],['KIA SPORTAGE'],['KIA SPORTAGE'],['KIA SPORTAGE']
333,KIA STINGER,['KIA SPORTAGE'],['KIA: SPORTAGE'],['KIA SPORTAGE'],['KIA SPORTAGE'],['KIA SPORTAGE'],['KIA SPORTAGE']
334,KIA VENGA,['KIA VENGA'],['KIA: MOHAVE'],['KIA VENGA'],['KIA VENGA'],['KIA VENGA'],['KIA VENGA']
335,KIA PRO CEED,['KIA CEED'],['KIA: RIO'],['KIA CEED'],['KIA PRO CEED'],"[""KIA CEE'D""]","[""KIA CEE'D""]"
336,KIA PRO CEED GT,['KIA CEED'],[],['KIA CEED'],['KIA PRO CEED'],"[""KIA CEE'D""]","[""KIA CEE'D""]"
337,LAMBORGHINI AVENTADOR,[],[],['LAMBORGHINI GALLARDO'],[],[],[]
338,LAMBORGHINI GALLARDO,[],[],['LAMBORGHINI GALLARDO'],[],[],[]
339,LAMBORGHINI HURACAN,[],[],['LAMBORGHINI GALLARDO'],[],[],[]
340,LAMBORGHINI URUS,[],[],['LAMBORGHINI GALLARDO'],[],['LAMBORGHINI ÂÑÅ ÌÎÄÅËÈ'],[]
341,LAND ROVER DEFENDER,['LAND ROVER DEFENDER'],['LAND ROVER: DEFENDER'],['LAND ROVER DEFENDER'],['LAND ROVER DEFENDER'],['LAND ROVER DEFENDER'],['LAND ROVER DEFENFER']
342,LAND ROVER DISCOVERY,['LAND ROVER DISCOVERY IV'],['LAND ROVER: DISCOVERY'],['LAND ROVER DISCOVERY'],['LAND ROVER DISCOVERY'],['LAND ROVER DISCOVERY'],['LAND ROVER DISCOVERY']
343,LAND ROVER DISCOVERY SPORT,['LAND ROVER DISCOVERY SPORT'],['LAND ROVER: DISCOVERY'],['LAND ROVER DISCOVERY'],['LAND ROVER DISCOVERY SPORT'],['LAND ROVER DISCOVERY SPORT'],['LAND ROVER DISCOVERY']
344,LAND ROVER FREELANDER II,['LAND ROVER FREELANDER'],['LAND ROVER: FREELANDER'],['LAND ROVER FREELANDER'],['LAND ROVER FREELANDER'],['LAND ROVER FREELANDER'],['LAND ROVER FREELANDER']
345,LAND ROVER RANGE ROVER,['LAND ROVER RANGE ROVER'],"['LAND ROVER: EVOQUE, RANGE ROVER EVOQUE']",['LAND ROVER RANGE ROVER'],['LAND ROVER RANGE ROVER'],['LAND ROVER RANGE ROVER'],['LAND ROVER RANGE ROVER']
346,LAND ROVER RANGE ROVER EVOQUE,['LAND ROVER RANGE ROVER EVOQUE'],"['LAND ROVER: EVOQUE, RANGE ROVER EVOQUE']",['LAND ROVER RANGE ROVER EVOQUE'],['LAND ROVER RANGE ROVER EVOQUE'],['LAND ROVER RANGE ROVER EVOQUE'],['LAND ROVER RANGE ROVER EVOQUE']
347,LAND ROVER RANGE ROVER SPORT,['LAND ROVER RANGE ROVER SPORT'],"['LAND ROVER: RANGE ROVER, RANGE ROVER SPORT']",['LAND ROVER RANGE ROVER SPORT'],['LAND ROVER RANGE ROVER SPORT'],['LAND ROVER RANGE ROVER SPORT'],['LAND ROVER RANGE ROVER SPORT']
348,LAND ROVER RANGE ROVER VELAR,['LAND ROVER RANGE ROVER'],"['LAND ROVER: EVOQUE, RANGE ROVER EVOQUE']",['LAND ROVER RANGE ROVER'],['LAND ROVER RANGE ROVER'],['LAND ROVER RANGE ROVER'],['LAND ROVER RANGE ROVER']
349,LEXUS CT,['LEXUS CT'],['LEXUS: SC'],['LEXUS CT'],['LEXUS SC'],['LEXUS CT'],['LEXUS RX']
350,LEXUS ES,['LEXUS ES'],['LEXUS: ES'],['LEXUS ES'],['LEXUS SC'],['LEXUS ES'],['LEXUS ES']
351,LEXUS GS,['LEXUS GS'],['LEXUS: GS'],['LEXUS GS'],['LEXUS SC'],['LEXUS GS'],['LEXUS GS']
352,LEXUS GS F,['LEXUS GS'],['LEXUS: GS'],['LEXUS GS'],['LEXUS IS F'],['LEXUS GS'],['LEXUS GS']
353,LEXUS GX,['LEXUS GX'],['LEXUS: GX'],['LEXUS GX'],['LEXUS NX'],['LEXUS GX'],['LEXUS GX']
354,LEXUS IS,['LEXUS IS'],['LEXUS: IS'],['LEXUS IS'],['LEXUS IS F'],['LEXUS IS'],['LEXUS IS']
355,LEXUS LC,['LEXUS RC'],['LEXUS: SC'],['LEXUS SC'],['LEXUS SC'],['LEXUS SC'],['LEXUS LX']
356,LEXUS LS,['LEXUS LS'],['LEXUS: LS'],['LEXUS LS'],['LEXUS SC'],['LEXUS LS'],['LEXUS LX']
357,LEXUS LX,['LEXUS LX'],['LEXUS: LX'],['LEXUS LX'],['LEXUS NX'],['LEXUS LX'],['LEXUS LX']
358,LEXUS NX,['LEXUS NX'],['LEXUS: RX'],['LEXUS NX'],['LEXUS NX'],['LEXUS RX'],['LEXUS NX']
359,LEXUS RC,['LEXUS RC'],['LEXUS: SC'],['LEXUS SC'],['LEXUS SC'],['LEXUS SC'],['LEXUS RX']
360,LEXUS RX,['LEXUS RX'],['LEXUS: RX'],['LEXUS RX'],['LEXUS NX'],['LEXUS RX'],['LEXUS RX']
361,LEXUS SC,['LEXUS RC'],['LEXUS: SC'],['LEXUS SC'],['LEXUS SC'],['LEXUS SC'],['LEXUS IS']
362,LIFAN BREEZ,['LIFAN BREEZE'],[],['LIFAN BREEZ'],['LIFAN BREEZ'],['LIFAN BREEZ (520)'],['LIFAN X60']
363,LIFAN CEBRIUM,['LIFAN CEBRIUM'],[],['LIFAN CEBRIUM'],['LIFAN CEBRIUM'],['LIFAN CEBRIUM'],[]
364,LIFAN CELLIYA,['LIFAN CELLIYA'],[],['LIFAN CEBRIUM'],['LIFAN CEBRIUM'],['LIFAN CEBRIUM'],['LIFAN SMILY']
365,LIFAN MURMAN,['NISSAN MURANO'],['NISSAN: MURANO'],['NISSAN MURANO'],['NISSAN MURANO'],['NISSAN MURANO'],['NISSAN MURANO']
366,LIFAN MYWAY,['LIFAN SMILY'],[],['LIFAN SMILY'],['LIFAN SMILY'],['LIFAN X60'],['LIFAN SMILY']
367,LIFAN SMILY,['LIFAN SMILY'],[],['LIFAN SMILY'],['LIFAN SMILY'],['LIFAN SMILY (320)'],['LIFAN SMILY']
368,LIFAN SOLANO,['LIFAN SOLANO'],"['LIFAN: BREEZ, SMILY, SOLANO']",['LIFAN SOLANO'],['LIFAN SOLANO'],['LIFAN 620 (SOLANO)'],['LIFAN SOLANO']
369,LIFAN X50,['LIFAN X60'],[],['LIFAN X60'],['LIFAN X60'],['LIFAN X50'],['LIFAN X60']
370,LIFAN X60,['LIFAN X60'],[],['LIFAN X60'],['LIFAN X60'],['LIFAN X60'],['LIFAN X60']
371,LOTUS ELISE,['LEXUS LS'],['LEXUS: LS'],['LOTUS ELISE'],[],['LEXUS LS'],['LEXUS IS']
372,LOTUS EUROPA,[],[],['LOTUS ELISE'],[],[],[]
373,LOTUS EVORA,[],[],['LOTUS ELISE'],[],[],[]
374,LOTUS EXIGE,[],[],['LOTUS ELISE'],[],[],[]
375,LUXGEN 7 SUV,['LUXGEN 7 SUV'],[],['LUXGEN 7'],[],['LUXGEN 7'],['PEUGEOT SUV']
376,MARUSSIA B1,[],[],[],[],[],[]
377,MARUSSIA B2,[],[],[],[],[],[]
378,MASERATI GHIBLI,['SEAT IBIZA'],[],['SEAT IBIZA'],['SEAT IBIZA'],[],[]
379,MASERATI GRANCABRIO,[],[],[],['MINI CABRIO'],[],[]
380,MASERATI GRANTURISMO,['BMW 5 SERIES GRAN TURISMO'],"['BMW: 6 SERIES, GRAN TURISMO']",['BMW GRAN TURISMO'],['BMW GRAN TURISMO 550'],[],[]
381,MASERATI LEVANTE,['SEAT LEON'],[],['SEAT LEON'],['SEAT LEON'],['SEAT LEON'],[]
382,MASERATI QUATTROPORTE,[],[],['MASERATI ALL MODELS'],[],[],[]
383,MAYBACH 57,[],[],[],[],[],[]
384,MAYBACH 57S,[],[],['MAYBACH ALL MODELS'],[],[],[]
385,MAYBACH 62,[],[],[],[],[],[]
386,MAYBACH 62S,[],[],['MAYBACH ALL MODELS'],[],[],[]
387,MAZDA 2,['MAZDA 2'],['MAZDA: 2'],['MAZDA 2'],['MAZDA 2'],['MAZDA 2'],['MAZDA 2']
388,MAZDA 3,['MAZDA 3'],['MAZDA: 3'],['MAZDA 3'],['MAZDA 3'],['MAZDA 3'],['MAZDA 3']
389,MAZDA 3 MPS,['MAZDA 3MPS'],['MAZDA: 3'],['MAZDA 3 MPS'],['MAZDA 3MPS'],['MAZDA 3'],['MAZDA 3']
390,MAZDA 5,['MAZDA 5'],['MAZDA: 6'],['MAZDA 5'],['MAZDA 5'],['MAZDA 6'],['MAZDA 6']
391,MAZDA 6,['MAZDA 6'],['MAZDA: 6'],['MAZDA 6'],['MAZDA 6'],['MAZDA 6'],['MAZDA 6']
392,MAZDA CX-5,['MAZDA CX-5'],['MAZDA: CX-5'],['MAZDA CX5'],['MAZDA CX-5'],['MAZDA CX-5'],['MAZDA CX-5']
393,MAZDA CX-7,['MAZDA CX-7'],['MAZDA: CX-5'],['MAZDA CX7'],['MAZDA CX-7'],['MAZDA CX-7'],['MAZDA CX-7']
394,MAZDA CX-9,['MAZDA CX-9'],['MAZDA: CX-5'],['MAZDA CX9'],['MAZDA CX-9'],['MAZDA CX-7'],['MAZDA CX-7']
395,MAZDA MX-5,['MAZDA MX-5'],['MAZDA: CX-5'],['MAZDA MX5'],['MAZDA MX-5'],['MAZDA CX-5'],['MAZDA CX-5']
396,MAZDA RX-8,['MAZDA MX-5'],['MAZDA: CX-5'],['MAZDA RX8'],['MAZDA RX-8'],['MAZDA CX-7'],['MAZDA CX-7']
397,MERCEDES-BENZ A-CLASS,['MERCEDES-BENZ A-KLASSE'],['MERCEDES: A-ÑLASSE'],['MERCEDES A-CLASS'],['MERCEDES-BENZ CLA'],['MERCEDES-BENZ CLS-ÊËÀÑÑ'],['MERCEDES-BENZ A-CLASS']
398,MERCEDES-BENZ AMG GT,['MERCEDES-BENZ VITO'],[],['MERCEDES G'],['MERCEDES-BENZ GL AMG'],['MERCEDES-BENZ GT AMG'],['MERCEDES-BENZ VIANO']
399,MERCEDES-BENZ B-CLASS,['MERCEDES-BENZ B-KLASSE'],['MERCEDES: B-ÑLASSE'],['MERCEDES B-CLASS'],['MERCEDES-BENZ CLA'],['MERCEDES-BENZ CLS-ÊËÀÑÑ'],['MERCEDES-BENZ B-CLASS']
400,MERCEDES-BENZ C-CLASS,['MERCEDES-BENZ C-KLASSE'],['MERCEDES: C-ÑLASSE'],['MERCEDES C-CLASS'],['MERCEDES-BENZ CLA'],['MERCEDES-BENZ CLS-ÊËÀÑÑ'],['MERCEDES-BENZ C-CLASS']
401,MERCEDES-BENZ CL-CLASS,['MERCEDES-BENZ CL-KLASSE'],['MERCEDES: CL-ÑLASSE'],['MERCEDES C-CLASS'],['MERCEDES-BENZ CLA'],['MERCEDES-BENZ CL-ÊËÀÑÑ'],['MERCEDES-BENZ CLS-CLASS']
402,MERCEDES-BENZ CLA-CLASS,['MERCEDES-BENZ CLA-KLASSE'],['MERCEDES: CL-ÑLASSE'],['MERCEDES C-CLASS'],['MERCEDES-BENZ CLA'],['MERCEDES-BENZ CLA-ÊËÀÑÑ'],['MERCEDES-BENZ CLA-CLASS']
403,MERCEDES-BENZ CLC-CLASS,['MERCEDES-BENZ CLC-KLASSE'],['MERCEDES: CLC-ÑLASSE'],['MERCEDES C-CLASS'],['MERCEDES-BENZ CLA'],['MERCEDES-BENZ CL-ÊËÀÑÑ'],['MERCEDES-BENZ CLS-CLASS']
404,MERCEDES-BENZ CLS-CLASS,['MERCEDES-BENZ CLS-KLASSE'],['MERCEDES: CLS-ÑLASSE'],['MERCEDES S-CLASS'],['MERCEDES-BENZ CLA'],['MERCEDES-BENZ CLS-ÊËÀÑÑ'],['MERCEDES-BENZ CLS-CLASS']
405,MERCEDES-BENZ E-CLASS,['MERCEDES-BENZ E-KLASSE'],['MERCEDES: E-ÑLASSE'],['MERCEDES E-CLASS'],['MERCEDES-BENZ CLA'],['MERCEDES-BENZ CLS-ÊËÀÑÑ'],['MERCEDES-BENZ E-CLASS']
406,MERCEDES-BENZ G-CLASS,['MERCEDES-BENZ G-KLASSE'],['MERCEDES: G-ÑLASSE'],['MERCEDES S-CLASS'],['MERCEDES-BENZ GLA'],['MERCEDES-BENZ GT AMG'],['MERCEDES-BENZ G-CLASS']
407,MERCEDES-BENZ GL-CLASS,['MERCEDES-BENZ GL-KLASSE'],['MERCEDES: GL-ÑLASSE'],['MERCEDES S-CLASS'],['MERCEDES-BENZ GLC'],['MERCEDES-BENZ GL-ÊËÀÑÑ'],['MERCEDES-BENZ GL-CLASS']
408,MERCEDES-BENZ GLA-CLASS,['MERCEDES-BENZ GLA-KLASSE'],['MERCEDES: GL-ÑLASSE'],['MERCEDES A-CLASS'],['MERCEDES-BENZ GLC'],['MERCEDES-BENZ GLA-ÊËÀÑÑ'],['MERCEDES-BENZ GL-CLASS']
409,MERCEDES-BENZ GLC-CLASS,['MERCEDES-BENZ GLC-KLASSE'],['MERCEDES: GL-ÑLASSE'],['MERCEDES C-CLASS'],['MERCEDES-BENZ GLC'],['MERCEDES-BENZ GLC-ÊËÀÑÑ'],['MERCEDES-BENZ GL-CLASS']
410,MERCEDES-BENZ GLE-CLASS,['MERCEDES-BENZ GLE-KLASSE'],['MERCEDES: GL-ÑLASSE'],['MERCEDES E-CLASS'],['MERCEDES-BENZ GLE'],['MERCEDES-BENZ GLE-ÊËÀÑÑ'],['MERCEDES-BENZ GL-CLASS']
411,MERCEDES-BENZ GLK-CLASS,['MERCEDES-BENZ GLK-KLASSE'],['MERCEDES: GLK-ÑLASSE'],['MERCEDES S-CLASS'],['MERCEDES-BENZ GLC'],['MERCEDES-BENZ GLK-ÊËÀÑÑ'],['MERCEDES-BENZ GLK-CLASS']
412,MERCEDES-BENZ GLS-CLASS,['MERCEDES-BENZ GL-KLASSE'],['MERCEDES: GL-ÑLASSE'],['MERCEDES S-CLASS'],['MERCEDES-BENZ GLC'],['MERCEDES-BENZ GL-ÊËÀÑÑ'],['MERCEDES-BENZ GL-CLASS']
413,MERCEDES-BENZ M-CLASS,['MERCEDES-BENZ ML-KLASSE'],['MERCEDES: M-ÑLASSE'],['MERCEDES M-CLASS'],['MERCEDES-BENZ CLA'],['MERCEDES-BENZ CLS-ÊËÀÑÑ'],['MERCEDES-BENZ ML-CLASS']
414,MERCEDES-BENZ R-CLASS,['MERCEDES-BENZ R-KLASSE'],['MERCEDES: R-ÑLASSE'],['MERCEDES R-CLASS'],['MERCEDES-BENZ CLA'],['MERCEDES-BENZ CLS-ÊËÀÑÑ'],['MERCEDES-BENZ S-CLASS']
415,MERCEDES-BENZ S-CLASS,['MERCEDES-BENZ S-KLASSE'],['MERCEDES: S-ÑLASSE'],['MERCEDES S-CLASS'],['MERCEDES-BENZ CLA'],['MERCEDES-BENZ CLS-ÊËÀÑÑ'],['MERCEDES-BENZ S-CLASS']
416,MERCEDES-BENZ SL-CLASS,['MERCEDES-BENZ SL-KLASSE'],['MERCEDES: SL-ÑLASSE'],['MERCEDES S-CLASS'],['MERCEDES-BENZ CLA'],['MERCEDES-BENZ SL-ÊËÀÑÑ'],['MERCEDES-BENZ S-CLASS']
417,MERCEDES-BENZ SLC-CLASS,['MERCEDES-BENZ SL-KLASSE'],['MERCEDES: SL-ÑLASSE'],['MERCEDES S-CLASS'],['MERCEDES-BENZ CLA'],['MERCEDES-BENZ SL-ÊËÀÑÑ'],['MERCEDES-BENZ S-CLASS']
418,MERCEDES-BENZ SLK-CLASS,['MERCEDES-BENZ SLK-KLASSE'],['MERCEDES: SLK-ÑLASSE'],['MERCEDES S-CLASS'],['MERCEDES-BENZ CLA'],['MERCEDES-BENZ SLK-ÊËÀÑÑ'],['MERCEDES-BENZ GLK-CLASS']
419,MERCEDES-BENZ SLS-CLASS,['MERCEDES-BENZ SL-KLASSE'],['MERCEDES: SL-ÑLASSE'],['MERCEDES S-CLASS'],['MERCEDES-BENZ CLA'],['MERCEDES-BENZ SL-ÊËÀÑÑ'],['MERCEDES-BENZ CLS-CLASS']
420,MERCEDES-BENZ V-CLASS,['MERCEDES-BENZ V-KLASSE'],['MERCEDES: S-ÑLASSE'],['MERCEDES S-CLASS'],['MERCEDES-BENZ CLA'],['MERCEDES-BENZ CLS-ÊËÀÑÑ'],['MERCEDES-BENZ S-CLASS']
421,MERCEDES-BENZ VIANO,['MERCEDES-BENZ VIANO'],"['MERCEDES: V, VIANO, VITO']",['MERCEDES CITAN'],['MERCEDES-BENZ VIANO'],['MERCEDES-BENZ GT AMG'],['MERCEDES-BENZ VIANO']
422,MINI (BMW) MINI,[],[],[],[],[],[]
423,MINI (BMW) MINI 	CLUBMAN,[],[],['MINI CLUBMAN'],['MINI CLUBMAN'],[],[]
424,MINI (BMW) MINI COUNTRYMAN,['MINI COUNTRYMAN'],[],['MINI COUNTRYMAN'],['MINI COUNTRYMAN'],[],[]
425,MINI (BMW) MINI PACEMAN,[],[],[],['MINI PACEMAN'],[],[]
426,MITSUBISHI ASX,['MITSUBISHI ASX'],['MITSUBISHI: ASX'],['MITSUBISHI ASX'],['MITSUBISHI ASX'],['MITSUBISHI ASX'],['MITSUBISHI ASX']
427,MITSUBISHI COLT,['MITSUBISHI COLT'],['MITSUBISHI: COLT'],['MITSUBISHI COLT'],['MITSUBISHI COLT'],['MITSUBISHI L200'],['MITSUBISHI L200']
428,MITSUBISHI ECLIPSE CROSS,['MITSUBISHI PAJERO'],['MITSUBISHI: LANCER'],['MITSUBISHI ECLIPSE'],['MITSUBISHI ECLIPSE'],['MITSUBISHI PAJERO'],['MITSUBISHI PAJERO']
429,MITSUBISHI GALANT,['MITSUBISHI GALANT'],['MITSUBISHI: LANCER'],['MITSUBISHI GALANT'],['MITSUBISHI GALANT'],['MITSUBISHI LANCER'],['MITSUBISHI LANCER']
430,MITSUBISHI GRANDIS,['MITSUBISHI GRANDIS'],"['MITSUBISHI: GALANT, GRANDIS']",['MITSUBISHI GRANDIS'],['MITSUBISHI GRANDIS'],['MITSUBISHI ASX'],['MITSUBISHI ASX']
431,MITSUBISHI LANCER CLASSIC,['MITSUBISHI LANCER'],['MITSUBISHI: LANCER'],['MITSUBISHI LANCER'],['MITSUBISHI LANCER'],['MITSUBISHI LANCER'],['MITSUBISHI LANCER']
432,MITSUBISHI LANCER EVOLUTION X,['MITSUBISHI LANCER EVOLUTION'],['MITSUBISHI: LANCER'],['MITSUBISHI LANCER EVOLUTION'],['MITSUBISHI LANCER EVOLUTION'],['MITSUBISHI LANCER'],['MITSUBISHI LANCER']
433,MITSUBISHI LANCER X,['MITSUBISHI LANCER'],['MITSUBISHI: LANCER'],['MITSUBISHI LANCER'],['MITSUBISHI LANCER'],['MITSUBISHI LANCER'],['MITSUBISHI LANCER']
434,MITSUBISHI OUTLANDER,['MITSUBISHI OUTLANDER'],['MITSUBISHI: OUTLANDER'],['MITSUBISHI OUTLANDER'],['MITSUBISHI OUTLANDER'],['MITSUBISHI LANCER'],['MITSUBISHI OUTLANDER']
435,MITSUBISHI OUTLANDER PHEV,['MITSUBISHI OUTLANDER'],['MITSUBISHI: OUTLANDER'],['MITSUBISHI OUTLANDER'],['MITSUBISHI OUTLANDER PHEV'],['MITSUBISHI LANCER'],['MITSUBISHI OUTLANDER']
436,MITSUBISHI OUTLANDER XL,['MITSUBISHI OUTLANDER'],['MITSUBISHI: OUTLANDER'],['MITSUBISHI OUTLANDER'],['MITSUBISHI OUTLANDER XL'],['MITSUBISHI OUTLANDER/OUTLANDER XL'],['MITSUBISHI OUTLANDER']
437,MITSUBISHI PAJERO,['MITSUBISHI PAJERO'],['MITSUBISHI: LANCER'],['MITSUBISHI PAJERO'],['MITSUBISHI PAJERO'],['MITSUBISHI PAJERO'],['MITSUBISHI PAJERO']
438,MITSUBISHI PAJERO SPORT,['MITSUBISHI PAJERO SPORT'],['MITSUBISHI: ASX'],['MITSUBISHI PAJERO SPORT'],['MITSUBISHI PAJERO SPORT'],['MITSUBISHI PAJERO SPORT'],['MITSUBISHI PAJERO SPORT']
439,MITSUBISHI I-MIEV,['MITSUBISHI I-MIEV'],['MITSUBISHI: ASX'],['MITSUBISHI MIRAGE'],['MITSUBISHI I-MIEV'],['MITSUBISHI ASX'],['MITSUBISHI ASX']
440,NISSAN 370Z,['NISSAN NP300'],['NISSAN: NP300'],['NISSAN 350Z'],['NISSAN 350Z'],['NISSAN NOTE'],['NISSAN NP300']
441,NISSAN ALMERA,['NISSAN ALMERA'],['NISSAN: ALMERA'],['NISSAN ALMERA'],['NISSAN ALMERA'],['NISSAN ALMERA'],['NISSAN ALMERA']
442,NISSAN ALMERA CLASSIC,['NISSAN ALMERA'],['NISSAN: ALMERA'],['NISSAN ALMERA'],['NISSAN ALMERA CLASSIC'],['NISSAN ALMERA CLASSIC'],['NISSAN ALMERA']
443,NISSAN GT-R,['NISSAN '],['NISSAN: PATROL'],['NISSAN GTR'],['NISSAN XTERRA'],['NISSAN GT-R'],['NISSAN PATROL']
444,NISSAN JUKE,['NISSAN JUKE'],['NISSAN: JUKE'],['NISSAN JUKE'],['NISSAN JUKE'],['NISSAN JUKE'],['NISSAN JUKE']
445,NISSAN MICRA,['NISSAN MICRA'],['NISSAN: MICRA'],['NISSAN MICRA'],['NISSAN MICRA'],['NISSAN MURANO'],['NISSAN MICRA']
446,NISSAN MURANO,['NISSAN MURANO'],['NISSAN: MURANO'],['NISSAN MURANO'],['NISSAN MURANO'],['NISSAN MURANO'],['NISSAN MURANO']
447,NISSAN NOTE,['NISSAN NOTE'],['NISSAN: NOTE'],['NISSAN NOTE'],['NISSAN NOTE'],['NISSAN NOTE'],['NISSAN NOTE']
448,NISSAN PATHFINDER,['NISSAN PATHFINDER'],['NISSAN: PATHFINDER'],['NISSAN PATHFINDER'],['NISSAN PATHFINDER'],['NISSAN PATHFINDER'],['NISSAN PATHFINDER']
449,NISSAN PATROL,['NISSAN PATROL'],['NISSAN: PATROL'],['NISSAN PATROL'],['NISSAN PATROL'],['NISSAN PATROL'],['NISSAN PATROL']
450,NISSAN QASHQAI,['NISSAN QASHQAI'],['NISSAN: QASHQAI'],['NISSAN QASHQAI'],['NISSAN QASHQAI'],['NISSAN QASHQAI/QASHQAI+2'],['NISSAN QASHQAI']
451,NISSAN QASHQAI +2,['NISSAN QASHQAI'],['NISSAN: QASHQAI'],['NISSAN QASHQAI'],['NISSAN QASHQAI+2'],['NISSAN QASHQAI/QASHQAI+2'],['NISSAN QASHQAI']
452,NISSAN SENTRA,['NISSAN SENTRA'],['NISSAN: NAVARA'],['NISSAN SENTRA'],['NISSAN SENTRA'],['NISSAN SENTRA'],['NISSAN NAVARA']
453,NISSAN TEANA,['NISSAN TEANA'],['NISSAN: TEANA'],['NISSAN TEANA'],['NISSAN TEANA'],['NISSAN TEANA'],['NISSAN TEANA']
454,NISSAN TERRANO,['NISSAN TERRANO'],['NISSAN: TEANA'],['NISSAN TERRANO'],['NISSAN TERRANO'],['NISSAN TERRANO'],['NISSAN TERRANO']
455,NISSAN TIIDA,['NISSAN TIIDA'],['NISSAN: TIIDA'],['NISSAN TIIDA'],['NISSAN TIIDA'],['NISSAN TIIDA'],['NISSAN TIIDA']
456,NISSAN X-TRAIL,['NISSAN X-TRAIL'],['NISSAN: X-TRAIL'],['NISSAN X-TRAIL'],['NISSAN X-TRAIL'],['NISSAN X-TRAIL'],['NISSAN X-TRAIL']
457,OPEL ANTARA,['OPEL ANTARA'],['OPEL: ANTARA'],['OPEL ANTARA'],['OPEL ANTARA'],['OPEL ANTARA'],['OPEL ANTARA']
458,OPEL ASTRA,['OPEL ASTRA'],['OPEL: ASTRA'],['OPEL ASTRA'],['OPEL ASTRA'],['OPEL ASTRA'],['OPEL ASTRA']
459,OPEL CORSA,['OPEL CORSA'],['OPEL: VECTRA'],['OPEL CORSA'],['OPEL CORSA'],['OPEL CORSA'],['OPEL CORSA']
460,OPEL INSIGNIA,['OPEL INSIGNIA'],['OPEL: INSIGNIA'],['OPEL INSIGNIA'],['OPEL INSIGNIA'],['OPEL INSIGNIA'],['OPEL INSIGNIA']
461,OPEL MERIVA,['OPEL MERIVA'],"['OPEL: MERIVA, TIGRA']",['OPEL MERIVA'],['OPEL MERIVA'],['OPEL MERIVA'],['OPEL MERIVA']
462,OPEL MOKKA,['OPEL MOKKA'],[],['OPEL MOKKA'],['OPEL MOKKA'],['OPEL MOKKA'],['OPEL MOKKA']
463,OPEL ZAFIRA,['OPEL ZAFIRA'],['OPEL: ZAFIRA'],['OPEL ZAFIRA'],['OPEL ZAFIRA'],['OPEL ZAFIRA'],['OPEL ZAFIRA']
464,OPEL ZAFIRA FAMILY,['OPEL ZAFIRA'],['OPEL: ZAFIRA'],['OPEL ZAFIRA'],['OPEL ZAFIRA'],['OPEL ZAFIRA'],['OPEL ZAFIRA']
465,OPEL ZAFIRA TOURER,['OPEL ZAFIRA'],['OPEL: ZAFIRA'],['OPEL ZAFIRA'],['OPEL ZAFIRA'],['OPEL ZAFIRA'],['OPEL ZAFIRA']
466,PEUGEOT 1007,['PEUGEOT 107'],['PEUGEOT: 1007'],['PEUGEOT 1007'],['PEUGEOT 1007'],['PEUGEOT 107'],['PEUGEOT 100-E']
467,PEUGEOT 107,['PEUGEOT 107'],['PEUGEOT: 107'],['PEUGEOT 107'],['PEUGEOT 107'],['PEUGEOT 107'],['PEUGEOT 100-E']
468,PEUGEOT 2008,['PEUGEOT 2008'],['PEUGEOT: 4008'],['PEUGEOT 2008'],['PEUGEOT 2008'],['PEUGEOT 2008'],['PEUGEOT 200-E']
469,PEUGEOT 206,['PEUGEOT 206'],['PEUGEOT: 206'],['PEUGEOT 2008'],['PEUGEOT 206'],['PEUGEOT 208'],['PEUGEOT 200-E']
470,PEUGEOT 207,['PEUGEOT 207'],['PEUGEOT: 207'],['PEUGEOT 607'],['PEUGEOT 207'],['PEUGEOT 207'],['PEUGEOT 200-E']
471,PEUGEOT 208,['PEUGEOT 208'],['PEUGEOT: 508'],['PEUGEOT 2008'],['PEUGEOT 208'],['PEUGEOT 208'],['PEUGEOT 200-E']
472,PEUGEOT 3008,['PEUGEOT 3008'],['PEUGEOT: 3008'],['PEUGEOT 3008'],['PEUGEOT 3008'],['PEUGEOT 3008'],['PEUGEOT 300-E']
473,PEUGEOT 301,['PEUGEOT 301'],['PEUGEOT: 309'],['PEUGEOT 301'],['PEUGEOT 301'],['PEUGEOT 301'],['PEUGEOT 300-E']
474,PEUGEOT 308,['PEUGEOT 308'],['PEUGEOT: 308'],['PEUGEOT 3008'],['PEUGEOT 308'],['PEUGEOT 308'],['PEUGEOT 300-E']
475,PEUGEOT 4007,['PEUGEOT 4007'],['PEUGEOT: 4007'],['PEUGEOT 4007'],['PEUGEOT 4007'],['PEUGEOT 4007'],['PEUGEOT 400-E']
476,PEUGEOT 4008,['PEUGEOT 4008'],['PEUGEOT: 4008'],['PEUGEOT 4008'],['PEUGEOT 4008'],['PEUGEOT 4008'],['PEUGEOT 400-E']
477,PEUGEOT 407,['PEUGEOT 407'],['PEUGEOT: 407'],['PEUGEOT 4007'],['PEUGEOT 407'],['PEUGEOT 4007'],['PEUGEOT 400-E']
478,PEUGEOT 408,['PEUGEOT 408'],['PEUGEOT: 408'],['PEUGEOT 4008'],['PEUGEOT 408'],['PEUGEOT 408'],['PEUGEOT 400-E']
479,PEUGEOT 5008,['PEUGEOT 508'],['PEUGEOT: 508'],['PEUGEOT 5008'],['PEUGEOT 5008'],['PEUGEOT 508'],['PEUGEOT 500-E']
480,PEUGEOT 508,['PEUGEOT 508'],['PEUGEOT: 508'],['PEUGEOT 508'],['PEUGEOT 508'],['PEUGEOT 508'],['PEUGEOT 500-E']
481,PEUGEOT RCZ,['PEUGEOT RCZ'],['PEUGEOT: 807'],['PEUGEOT RCZ'],['PEUGEOT RCZ'],['PEUGEOT 508'],['PEUGEOT BOXER']
482,PORSCHE 718,['PORSCHE 911'],['PORSCHE: ÏÐÎ×ÈÅ'],['PORSCHE MACAN'],['PORSCHE 911'],['PORSCHE MACAN'],['PORSCHE MACAN']
483,PORSCHE 911,['PORSCHE 911'],['PORSCHE: ÏÐÎ×ÈÅ'],['PORSCHE MACAN'],['PORSCHE 911'],['PORSCHE MACAN'],['PORSCHE MACAN']
484,PORSCHE 918,['PORSCHE 911'],['PORSCHE: ÏÐÎ×ÈÅ'],['PORSCHE MACAN'],['PORSCHE 911'],['PORSCHE MACAN'],['PORSCHE MACAN']
485,PORSCHE BOXSTER,['PORSCHE BOXSTER'],['PORSCHE: PANAMERA'],['PORSCHE 911/BOXTER/CAYMAN'],['PORSCHE BOXSTER'],['PORSCHE CAYENNE'],['PORSCHE PANAMERA']
486,PORSCHE BOXSTER GTS,['PORSCHE BOXSTER'],[],['PORSCHE 911/BOXTER/CAYMAN'],['PORSCHE BOXSTER'],[],[]
487,PORSCHE BOXSTER S,['PORSCHE BOXSTER'],[],['PORSCHE 911/BOXTER/CAYMAN'],['PORSCHE BOXSTER'],[],['PORSCHE PANAMERA']
488,PORSCHE CAYENNE,['PORSCHE CAYENNE'],['PORSCHE: CAYENNE'],['PORSCHE CAYENNE'],['PORSCHE CAYENNE'],['PORSCHE CAYENNE'],['PORSCHE CAYENNE']
489,PORSCHE CAYENNE DIESEL,['PORSCHE CAYENNE'],['PORSCHE: CAYENNE'],['PORSCHE CAYENNE'],['PORSCHE CAYENNE'],['PORSCHE CAYENNE'],['PORSCHE CAYENNE']
490,PORSCHE CAYENNE GTS,['PORSCHE CAYENNE'],['PORSCHE: CAYENNE'],['PORSCHE CAYENNE'],['PORSCHE CAYENNE'],['PORSCHE CAYENNE'],['PORSCHE CAYENNE']
491,PORSCHE CAYENNE S,['PORSCHE CAYENNE'],['PORSCHE: CAYENNE'],['PORSCHE CAYENNE'],['PORSCHE CAYENNE'],['PORSCHE CAYENNE'],['PORSCHE CAYENNE']
492,PORSCHE CAYENNE S DIESEL,['PORSCHE CAYENNE'],['PORSCHE: CAYENNE'],['PORSCHE CAYENNE'],['PORSCHE CAYENNE'],['PORSCHE CAYENNE'],['PORSCHE CAYENNE']
493,PORSCHE CAYENNE S E-HYBRID,['PORSCHE CAYENNE'],['PORSCHE: CAYENNE'],['PORSCHE CAYENNE'],['PORSCHE CAYENNE'],['PORSCHE CAYENNE'],['PORSCHE CAYENNE']
494,PORSCHE CAYENNE S HYBRID,['PORSCHE CAYENNE'],['PORSCHE: CAYENNE'],['PORSCHE CAYENNE'],['PORSCHE CAYENNE'],['PORSCHE CAYENNE'],['PORSCHE CAYENNE']
495,PORSCHE CAYENNE TURBO,['PORSCHE CAYENNE'],['PORSCHE: CAYENNE'],['PORSCHE CAYENNE'],['PORSCHE CAYENNE'],['PORSCHE CAYENNE'],['PORSCHE CAYENNE']
496,PORSCHE CAYENNE TURBO S,['PORSCHE CAYENNE'],['PORSCHE: CAYENNE'],['PORSCHE CAYENNE'],['PORSCHE CAYENNE'],['PORSCHE CAYENNE'],['PORSCHE CAYENNE']
497,PORSCHE CAYMAN,['PORSCHE CAYMAN'],['PORSCHE: CAYENNE'],['PORSCHE CAYENNE'],['PORSCHE CAYMAN'],['PORSCHE CAYENNE'],['PORSCHE CAYENNE']
498,PORSCHE CAYMAN GT4,['PORSCHE CAYMAN'],['PORSCHE: CAYENNE'],['PORSCHE CAYENNE'],['PORSCHE CAYMAN'],['PORSCHE CAYENNE'],['PORSCHE CAYENNE']
499,PORSCHE CAYMAN GTS,['PORSCHE CAYMAN'],['PORSCHE: CAYENNE'],['PORSCHE CAYENNE'],['PORSCHE CAYMAN'],['PORSCHE CAYENNE'],['PORSCHE CAYENNE']
500,PORSCHE CAYMAN R,['PORSCHE CAYMAN'],['PORSCHE: CAYENNE'],['PORSCHE CAYENNE'],['PORSCHE CAYMAN'],['PORSCHE CAYENNE'],['PORSCHE CAYENNE']
501,PORSCHE CAYMAN S,['PORSCHE CAYMAN'],['PORSCHE: CAYENNE'],['PORSCHE CAYENNE'],['PORSCHE CAYMAN'],['PORSCHE CAYENNE'],['PORSCHE CAYENNE']
502,PORSCHE MACAN,['PORSCHE MACAN'],['PORSCHE: CAYENNE'],['PORSCHE MACAN'],['PORSCHE MACAN'],['PORSCHE MACAN'],['PORSCHE MACAN']
503,PORSCHE MACAN GTS,['PORSCHE MACAN'],['PORSCHE: CAYENNE'],['PORSCHE MACAN'],['PORSCHE MACAN'],['PORSCHE MACAN'],['PORSCHE MACAN']
504,PORSCHE MACAN S,['PORSCHE MACAN'],['PORSCHE: CAYENNE'],['PORSCHE MACAN'],['PORSCHE MACAN'],['PORSCHE MACAN'],['PORSCHE MACAN']
505,PORSCHE MACAN S DIESEL,['PORSCHE MACAN'],['PORSCHE: CAYENNE'],['PORSCHE MACAN'],['PORSCHE MACAN'],['PORSCHE MACAN'],['PORSCHE MACAN']
506,PORSCHE MACAN TURBO,['PORSCHE MACAN'],['PORSCHE: CAYENNE'],['PORSCHE MACAN'],['PORSCHE MACAN'],['PORSCHE MACAN'],['PORSCHE MACAN']
507,PORSCHE PANAMERA,['PORSCHE PANAMERA'],['PORSCHE: PANAMERA'],['PORSCHE PANAMERA'],['PORSCHE PANAMERA'],['PORSCHE MACAN'],['PORSCHE PANAMERA']
508,PORSCHE PANAMERA 4,['PORSCHE PANAMERA'],['PORSCHE: PANAMERA'],['PORSCHE PANAMERA'],['PORSCHE PANAMERA'],['PORSCHE MACAN'],['PORSCHE PANAMERA']
509,PORSCHE PANAMERA 4S,['PORSCHE PANAMERA'],['PORSCHE: PANAMERA'],['PORSCHE PANAMERA'],['PORSCHE PANAMERA'],['PORSCHE MACAN'],['PORSCHE PANAMERA']
510,PORSCHE PANAMERA GTS,['PORSCHE PANAMERA'],['PORSCHE: PANAMERA'],['PORSCHE PANAMERA'],['PORSCHE PANAMERA'],['PORSCHE MACAN'],['PORSCHE PANAMERA']
511,PORSCHE PANAMERA S,['PORSCHE PANAMERA'],['PORSCHE: PANAMERA'],['PORSCHE PANAMERA'],['PORSCHE PANAMERA'],['PORSCHE MACAN'],['PORSCHE PANAMERA']
512,PORSCHE PANAMERA TURBO,['PORSCHE PANAMERA'],['PORSCHE: PANAMERA'],['PORSCHE PANAMERA'],['PORSCHE PANAMERA'],[],['PORSCHE PANAMERA']
513,PORSCHE PANAMERA TURBO S,['PORSCHE PANAMERA'],['PORSCHE: PANAMERA'],['PORSCHE PANAMERA'],['PORSCHE PANAMERA'],[],['PORSCHE PANAMERA']
514,RAVON GENTRA,['DAEWOO GENTRA'],[],['DAEWOO GENTRA'],['DAEWOO GENTRA'],['NISSAN SENTRA'],['DAEWOO GENTRA']
515,RAVON MATIZ,['DAEWOO MATIZ'],['DAEWOO: MATIZ'],['DAEWOO MATIZ'],['DAEWOO MATIZ'],['DAEWOO MATIZ'],['DAEWOO MATIZ']
516,RAVON NEXIA,['DAEWOO NEXIA'],['DAEWOO: NEXIA'],['DAEWOO NEXIA'],['DAEWOO NEXIA'],['DAEWOO NEXIA'],['DAEWOO NEXIA']
517,RAVON R2,[],[],[],[],[],[]
518,RAVON R4,[],[],[],[],[],[]
519,RENAULT CLIO,['RENAULT CLIO'],"['RENAULT: CLIO, SYMBOL']",['RENAULT CLIO'],['RENAULT CLIO'],['RENAULT LOGAN'],['RENAULT LOGAN']
520,RENAULT CLIO RS,['RENAULT CLIO'],"['RENAULT: CLIO, SYMBOL']",['RENAULT CLIO'],['RENAULT CLIO RS'],['RENAULT LOGAN'],['RENAULT LOGAN']
521,RENAULT DOKKER,['RENAULT DUSTER'],['RENAULT: DUSTER'],['RENAULT SPIDER'],['RENAULT OTHER'],['RENAULT DUSTER'],['RENAULT DUSTER']
522,RENAULT DUSTER,['RENAULT DUSTER'],['RENAULT: DUSTER'],['RENAULT DUSTER'],['RENAULT DUSTER'],['RENAULT DUSTER'],['RENAULT DUSTER']
523,RENAULT ESPACE,['RENAULT SCENIC'],['RENAULT: MEGANE'],['RENAULT ESPACE'],['RENAULT ESPACE'],['RENAULT SCENIC'],['RENAULT SCENIC']
524,RENAULT FLUENCE,['RENAULT FLUENCE'],['RENAULT: FLUENCE'],['RENAULT FLUENCE'],['RENAULT FLUENCE'],['RENAULT FLUENCE'],['RENAULT FLUENCE']
525,RENAULT GRAND SCENIC,['RENAULT SCENIC'],['RENAULT: MEGANE'],['RENAULT MEGANE SCENIC'],['RENAULT GRAND SCENIC'],['RENAULT SCENIC'],['RENAULT SCENIC']
526,RENAULT KANGOO PASSENGER,['RENAULT KANGOO'],['RENAULT: KANGOO'],['RENAULT KANGOO'],['RENAULT KANGOO'],['RENAULT KANGOO'],['RENAULT KANGOO']
527,RENAULT KAPTUR,['RENAULT LATITUDE'],['RENAULT: LATITUDE'],['RENAULT LATITUDE'],['RENAULT CAPTUR'],['RENAULT LATITUDE'],['RENAULT MASTER']
528,RENAULT KOLEOS,['RENAULT KOLEOS'],['RENAULT: KOLEOS'],['RENAULT KOLEOS'],['RENAULT KOLEOS'],['RENAULT KOLEOS'],['RENAULT KOLEOS']
529,RENAULT LAGUNA,['RENAULT LAGUNA'],['RENAULT: FLUENCE'],['RENAULT LAGUNA'],['RENAULT LAGUNA'],['RENAULT LOGAN'],['RENAULT LAGUNA']
530,RENAULT LATITUDE,['RENAULT LATITUDE'],['RENAULT: LATITUDE'],['RENAULT LATITUDE'],['RENAULT LATITUDE'],['RENAULT LATITUDE'],['RENAULT MASTER']
531,RENAULT LOGAN,['RENAULT LOGAN'],"['RENAULT: LOGAN, SR']",['RENAULT LOGAN'],['RENAULT LOGAN'],['RENAULT LOGAN'],['RENAULT LOGAN']
532,RENAULT MEGANE,['RENAULT MEGANE'],['RENAULT: MEGANE'],['RENAULT MEGANE'],['RENAULT MEGANE'],['RENAULT MEGANE'],['RENAULT MEGANE']
533,RENAULT MEGANE RS,['RENAULT MEGANE'],['RENAULT: MEGANE'],['RENAULT MEGANE'],['RENAULT MEGANE RS'],['RENAULT MEGANE'],['RENAULT MEGANE']
534,RENAULT SANDERO,['RENAULT SANDERO'],['RENAULT: MEGANE'],['RENAULT SANDERO'],['RENAULT SANDERO'],['RENAULT SANDERO'],['RENAULT SANDERO']
535,RENAULT SANDERO STEPWAY,['RENAULT SANDERO'],"['RENAULT: SANDERO, SANDERO STEPWAY']",['RENAULT SANDERO STEPWAY'],['RENAULT SANDERO'],['RENAULT SANDERO'],['RENAULT SANDERO']
536,RENAULT SCENIC,['RENAULT SCENIC'],['RENAULT: FLUENCE'],['RENAULT SCENIC'],['RENAULT SCENIC'],['RENAULT SCENIC'],['RENAULT SCENIC']
537,RENAULT SYMBOL,['RENAULT SYMBOL'],"['RENAULT: CLIO, SYMBOL']",['RENAULT SYMBOL'],['RENAULT SYMBOL'],['RENAULT SYMBOL'],['RENAULT SYMBOL']
538,RENAULT TWIZY,['RENAULT CLIO'],['RENAULT: LATITUDE'],['RENAULT CLIO'],['RENAULT TRAFIC'],['RENAULT LATITUDE'],['RENAULT SYMBOL']
539,RENAULT VEL SATIS,['RENAULT LATITUDE'],['RENAULT: LATITUDE'],['RENAULT VEL SATIS'],['RENAULT LATITUDE'],['RENAULT LATITUDE'],['RENAULT LOGAN']
540,ROLLS-ROYCE DAWN,[],[],['ROLLS ROYCE ALL MODELS'],[],['ROLLS-ROYCE ÂÑÅ ÌÎÄÅËÈ'],[]
541,ROLLS-ROYCE GHOST,[],[],['ROLLS ROYCE ALL MODELS'],[],['ROLLS-ROYCE ÂÑÅ ÌÎÄÅËÈ'],[]
542,ROLLS-ROYCE PHANTOM,[],[],['ROLLS ROYCE ALL MODELS'],[],[],[]
543,ROLLS-ROYCE WRAITH,[],[],['ROLLS ROYCE ALL MODELS'],[],['ROLLS-ROYCE ÂÑÅ ÌÎÄÅËÈ'],[]
544,SEAT ALHAMBRA,['SEAT ALHAMBRA'],[],['SEAT ALHAMBRA'],['SEAT ALHAMBRA'],['NISSAN ALMERA'],['NISSAN ALMERA']
545,SEAT ALTEA,['SEAT LEON'],"['SEAT: ALTEA, FREETRACK']",['SEAT ALTEA'],['SEAT ALTEA'],['SEAT LEON'],['FIAT ALBEA']
546,SEAT ALTEA FREETRACK,['SEAT ALTEA FREETRACK'],"['SEAT: ALTEA, FREETRACK']",['SEAT ALTEA'],['SEAT ALTEA FREETRACK'],[],[]
547,SEAT ALTEA XL,['SEAT ALTEA FREETRACK'],"['SEAT: ALTEA, FREETRACK']",['SEAT ALTEA'],['SEAT ALTEA XL'],['SEAT LEON'],['FIAT ALBEA']
548,SEAT EXEO,['SEAT LEON'],[],['SEAT LEON'],['SEAT EXEO'],['SEAT LEON'],[]
549,SEAT EXEO ST,['SEAT LEON'],[],['SEAT LEON'],['SEAT EXEO'],['SEAT LEON'],[]
550,SEAT IBIZA,['SEAT IBIZA'],[],['SEAT IBIZA'],['SEAT IBIZA'],[],[]
551,SEAT LEON,['SEAT LEON'],[],['SEAT LEON'],['SEAT LEON'],['SEAT LEON'],['RENAULT LOGAN']
552,SAAB 9-3,['SAAB 9-3'],[],['SAAB 9-3'],['SAAB 93'],[],[]
553,SAAB 9-5,['SAAB 9-5'],[],['SAAB 9-5'],['SAAB 95'],[],[]
554,SHUANGHUAN SCEO,['CHANGAN EADO'],[],['CHANGAN EADO'],['SCEO SHUANGHUAN'],[],[]
555,SKODA FABIA,['SKODA FABIA'],['SKODA: YETI'],['SKODA FABIA'],['SKODA FABIA'],['SKODA FABIA'],['SKODA FABIA']
556,SKODA FABIA RS,['SKODA FABIA'],"['SKODA: FABIA, FABIA SCOUT']",['SKODA FABIA RS'],['SKODA FABIA RS'],['SKODA FABIA'],['SKODA FABIA']
557,SKODA KODIAQ,['SKODA OCTAVIA'],['SKODA: YETI'],['SKODA OCTAVIA'],['SKODA OCTAVIA'],['SKODA OCTAVIA'],['SKODA OCTAVIA']
558,SKODA OCTAVIA II,['SKODA OCTAVIA'],"['SKODA: OCTAVIA, OCTAVIA SCOUT']",['SKODA OCTAVIA'],['SKODA OCTAVIA'],['SKODA OCTAVIA'],['SKODA OCTAVIA']
559,SKODA OCTAVIA II RS,['SKODA OCTAVIA'],"['SKODA: OCTAVIA, OCTAVIA SCOUT']",['SKODA OCTAVIA RS'],['SKODA OCTAVIA RS'],['SKODA OCTAVIA'],['SKODA OCTAVIA']
560,SKODA OCTAVIA III,['SKODA OCTAVIA'],"['SKODA: OCTAVIA, OCTAVIA SCOUT']",['SKODA OCTAVIA'],['SKODA OCTAVIA'],['SKODA OCTAVIA'],['SKODA OCTAVIA']
561,SKODA OCTAVIA III RS,['SKODA OCTAVIA'],"['SKODA: OCTAVIA, OCTAVIA SCOUT']",['SKODA OCTAVIA RS'],['SKODA OCTAVIA RS'],['SKODA OCTAVIA'],['SKODA OCTAVIA']
562,SKODA OCTAVIA TOUR,['SKODA OCTAVIA'],"['SKODA: OCTAVIA, OCTAVIA SCOUT']",['SKODA OCTAVIA RS'],['SKODA OCTAVIA TOUR'],['SKODA OCTAVIA'],['SKODA OCTAVIA']
563,SKODA RAPID,['SKODA RAPID'],['SKODA: YETI'],['SKODA RAPID'],['SKODA RAPID'],['SKODA RAPID'],['SKODA RAPID']
564,SKODA ROOMSTER,['SKODA ROOMSTER'],['SKODA: ROOMSTER'],['SKODA ROOMSTER'],['SKODA ROOMSTER'],['SKODA ROOMSTER'],['SKODA ROOMSTER']
565,SKODA SUPERB,['SKODA SUPERB'],['SKODA: SUPERB'],['SKODA SUPERB'],['SKODA SUPERB'],['SKODA SUPERB'],['SKODA SUPERB']
566,SKODA YETI,['SKODA YETI'],['SKODA: YETI'],['SKODA YETI'],['SKODA YETI'],['SKODA YETI'],['SKODA YETI']
567,SMART FORFOUR,['SMART FORTWO'],[],[],['SMART FORFOUR'],[],[]
568,SMART FORTWO,['SMART FORTWO'],[],[],['SMART FORTWO'],[],[]
569,SSANGYONG ACTYON,['SSANGYONG ACTYON'],['SSANGYONG: ACTYON'],['SSANG YONG ALL MODELS'],['SSANG YONG ACTYON'],['SSANGYONG ACTYON'],['SSANG YONG ACTYON']
570,SSANGYONG KYRON,['SSANGYONG KYRON'],['SSANGYONG: KYRON'],['SSANG YONG ALL MODELS'],['SSANG YONG KYRON'],['SSANGYONG KYRON'],['SSANG YONG KYRON']
571,SSANGYONG REXTON,['SSANGYONG REXTON'],['SSANGYOUNG: REXTON'],['CHANGAN RAETON'],['SSANG YONG REXTON'],['SSANGYONG REXTON'],['SSANG YONG REXTON']
572,SSANGYONG RODIUS,['SSANGYONG RODIUS'],['SSANGYONG: KYRON'],['SSANG YONG ALL MODELS'],['SSANG YONG RODIUS'],['SSANGYONG KYRON'],['SSANG YONG KYRON']
573,SSANGYONG STAVIC,['SSANGYONG STAVIC'],['SSANGYONG: ACTYON'],[],['SSANG YONG STAVIC'],['SSANGYONG ACTYON'],['SSANG YONG ACTYON']
574,SSANGYONG TIVOLI,['SSANGYONG STAVIC'],['SSANGYONG: ACTYON'],[],['SSANG YONG STAVIC'],['SSANGYONG REXTON'],['SSANG YONG REXTON']
575,SSANGYONG XLV,['SSANGYONG STAVIC'],['SSANGYOUNG: REXTON'],['SSANG YONG ALL MODELS'],['SSANG YONG STAVIC'],['SSANGYONG REXTON'],['SSANG YONG REXTON']
576,SUBARU BRZ,['SUBARU BRZ'],['SUBARU: TRIBECA'],['SUBARU BRZ'],['SUBARU IMPREZA'],['SUBARU IMPREZA'],['SUBARU IMPREZA']
577,SUBARU FORESTER,['SUBARU FORESTER'],['SUBARU: FORESTER'],['SUBARU FORESTER'],['SUBARU FORESTER'],['SUBARU FORESTER'],['SUBARU FORESTER']
578,SUBARU FORESTER TS,['SUBARU FORESTER'],['SUBARU: FORESTER'],['SUBARU FORESTER'],['SUBARU FORESTER'],['SUBARU FORESTER'],['SUBARU FORESTER']
579,SUBARU IMPREZA,['SUBARU IMPREZA'],"['SUBARU: IMPREZA, XV']",['SUBARU IMPREZA (XV)'],['SUBARU IMPREZA'],['SUBARU IMPREZA'],['SUBARU IMPREZA']
580,SUBARU LEGACY,['SUBARU LEGACY'],['SUBARU: TRIBECA'],['SUBARU LEGACY (OUTBACK)'],['SUBARU LEGACY'],['SUBARU LEGACY'],['SUBARU LEGACY']
581,SUBARU OUTBACK,['SUBARU OUTBACK'],['SUBARU: OUTBACK'],['SUBARU LEGACY (OUTBACK)'],['SUBARU OUTBACK'],['SUBARU OUTBACK'],['SUBARU OUTBACK']
582,SUBARU TRIBECA,['SUBARU TRIBECA'],['SUBARU: TRIBECA'],['SUBARU TRIBECA'],['SUBARU TRIBECA'],['SUBARU OUTBACK'],['SUBARU OUTBACK']
583,SUBARU WRX,['SUBARU XV'],['SUBARU: TRIBECA'],['SUBARU XT'],['SUBARU XV'],['SUBARU XV'],['SUBARU IMPREZA']
584,SUBARU WRX STI,['SUBARU IMPREZA WRX/WRX STI'],['SUBARU: FORESTER'],['SUBARU XT'],['SUBARU G3X JUSTY'],['SUBARU XV'],['SUBARU FORESTER']
585,SUBARU XV,['SUBARU XV'],"['SUBARU: IMPREZA, XV']",['SUBARU XT'],['SUBARU XV'],['SUBARU XV'],['SUBARU LEGACY']
586,SUZUKI GRAND VITARA,['SUZUKI GRAND VITARA'],['SUZUKI: GRAND VITARA'],['SUZUKI GRAND VITARA'],['SUZUKI GRAND VITARA'],['SUZUKI GRAND VITARA'],['SUZUKI GRAND VITARA']
587,SUZUKI JIMNY,['SUZUKI JIMNY'],['SUZUKI: JIMNY'],['SUZUKI JIMNY'],['SUZUKI JIMNY'],['SUZUKI JIMNY'],['SUZUKI JIMNY']
588,SUZUKI KIZASHI,['SUZUKI KIZASHI'],['SUZUKI: KIZASHI'],['SUZUKI KIZASHI'],['SUZUKI KIZASHI'],['SUZUKI KIZASHI'],['SUZUKI SPLASH']
589,SUZUKI SX4,['SUZUKI SX4'],['SUZUKI: SX-4'],['SUZUKI SX4'],['SUZUKI SX4'],['SUZUKI SX4'],['SUZUKI SX4']
590,SUZUKI SX4 CLASSIC,['SUZUKI SX4'],['SUZUKI: SPLASH'],['SUZUKI SX4'],['SUZUKI SX4'],['SUZUKI SX4'],['SUZUKI SX4']
591,SUZUKI SPLASH,['SUZUKI SPLASH'],['SUZUKI: SPLASH'],['SUZUKI SPLASH'],['SUZUKI SPLASH'],['SUZUKI SPLASH'],['SUZUKI SPLASH']
592,SUZUKI SWIFT,['SUZUKI SWIFT'],['SUZUKI: SWIFT'],['SUZUKI SWIFT'],['SUZUKI SWIFT'],['SUZUKI SWIFT'],['SUZUKI SWIFT']
593,SUZUKI VITARA,['SUZUKI GRAND VITARA'],['SUZUKI: VITARA'],['SUZUKI GRAND VITARA'],['SUZUKI VITARA'],['SUZUKI GRAND VITARA'],['SUZUKI GRAND VITARA']
594,TAGAZ AQUILA,['TAGAZ ESTINA'],[],[],[],['TAGAZ TAGER'],[]
595,TAGAZ C10,['TAGAZ LC 100'],[],[],['GAZ 3110'],['TAGAZ TAGER'],['TAGAZ ÂÑÅ']
596,TAGAZ C190,['TAGAZ LC 100'],[],[],['GAZ 3110'],[],['TAGAZ ÂÑÅ']
597,TAGAZ C30,['TAGAZ LC 100'],[],[],['GAZ 3110'],['TAGAZ TAGER'],['TAGAZ ÂÑÅ']
598,TAGAZ ROAD PARTNER,['TAGAZ ROAD PARTNER'],[],['TAGAZ (VORTEX) ROAD PARTNER'],['ÒÀÃÀÇ ROAD PARTNER'],['TAGAZ TAGER'],['PEUGEOT PARTNER']
599,TAGAZ TAGER,['TAGAZ TAGER'],[],['TAGAZ (VORTEX) TAGER'],['GAZ SIBER'],['TAGAZ TAGER'],['TAGAZ ÂÑÅ']
600,TAGAZ VEGA,['TAGAZ ESTINA'],[],['KIA VENGA'],['KIA VENGA'],['TAGAZ TAGER'],['TAGAZ ÂÑÅ']
601,TOYOTA AURIS,['TOYOTA AURIS'],['TOYOTA: AURIS'],['TOYOTA AURIS'],['TOYOTA AURIS'],['TOYOTA AURIS'],['TOYOTA AURIS']
602,TOYOTA AVENSIS,['TOYOTA AVENSIS'],['TOYOTA: AVENSIS'],['TOYOTA AVENSIS'],['TOYOTA AVENSIS'],['TOYOTA AVENSIS'],['TOYOTA AVENSIS']
603,TOYOTA CAMRY,['TOYOTA CAMRY'],['TOYOTA: CAMRY'],['TOYOTA CAMRY'],['TOYOTA CAMRY'],['TOYOTA CAMRY'],['TOYOTA CAMRY']
604,TOYOTA COROLLA,['TOYOTA COROLLA'],['TOYOTA: COROLLA'],['TOYOTA COROLLA'],['TOYOTA COROLLA'],['TOYOTA COROLLA'],['TOYOTA COROLLA']
605,TOYOTA FORTUNER,['TOYOTA FORTUNER'],['TOYOTA: KLUGER'],['TOYOTA FORTUNER'],['TOYOTA FORTUNER'],['TOYOTA VERSO'],['TOYOTA VERSO']
606,TOYOTA GT86,['TOYOTA GT86'],['TOYOTA: KLUGER'],['TOYOTA GT86'],['TOYOTA GT86'],['TOYOTA RAV4'],['TOYOTA RAV4']
607,TOYOTA HIGHLANDER,['TOYOTA HIGHLANDER'],['TOYOTA: HIGHLANDER'],['TOYOTA HIGHLANDER'],['TOYOTA HIGHLANDER'],['TOYOTA HIGHLANDER'],['TOYOTA HIGHLANDER']
608,TOYOTA IQ,['TOYOTA '],['TOYOTA: YARIS'],['TOYOTA IQ'],['TOYOTA IQ'],['TOYOTA HILUX'],['TOYOTA PRIUS']
609,TOYOTA LAND CRUISER 200,['TOYOTA LAND CRUISER'],"['TOYOTA: LAND CRUISER, LAND CRUISER PRADO']",['TOYOTA LAND CRUISER'],['TOYOTA LAND CRUISER 200'],['TOYOTA LAND CRUISER'],['TOYOTA LAND CRUISER']
610,TOYOTA LAND CRUISER PRADO,['TOYOTA LAND CRUISER PRADO'],"['TOYOTA: LAND CRUISER, LAND CRUISER PRADO']",['TOYOTA LAND CRUISER PRADO'],['TOYOTA LAND CRUISER PRADO 150'],['TOYOTA LAND CRUISER PRADO'],['TOYOTA LAND CRUISER PRADO']
611,TOYOTA PRIUS,['TOYOTA PRIUS'],['TOYOTA: PRIUS'],['TOYOTA PRIUS'],['TOYOTA PRIUS'],['TOYOTA AURIS'],['TOYOTA PRIUS']
612,TOYOTA RAV4,['TOYOTA RAV4'],['TOYOTA: RAV4'],['TOYOTA RAV4'],['TOYOTA RAV 4'],['TOYOTA RAV4'],['TOYOTA RAV4']
613,TOYOTA VENZA,['TOYOTA VENZA'],['TOYOTA: AVENSIS'],['TOYOTA VENZA'],['TOYOTA VENZA'],['TOYOTA VENZA'],['TOYOTA VENZA']
614,TOYOTA VERSO,['TOYOTA VERSO'],['TOYOTA: VERSO'],['TOYOTA VERSO'],['TOYOTA VERSO'],['TOYOTA VERSO'],['TOYOTA VERSO']
615,TOYOTA YARIS,['TOYOTA YARIS'],['TOYOTA: YARIS'],['TOYOTA YARIS'],['TOYOTA YARIS'],['TOYOTA AURIS'],['TOYOTA AURIS']
616,UAZ 3151,[],[],[],['UAZ 3151'],[],[]
617,UAZ HUNTER,['ÓÀÇ HUNTER'],[],[],['UAZ HUNTER'],['ÓÀÇ HUNTER'],['UAZ HUNTER']
618,UAZ PATRIOT,['ÓÀÇ PATRIOT'],[],['ÓÀÇ PATRIOT'],['UAZ PATRIOT'],['ÓÀÇ PATRIOT'],['UAZ PATRIOT']
619,VOLKSWAGEN BEETLE,['VOLKSWAGEN BEETLE'],['VOLKSWAGEN: BEETLE'],['VOLKSWAGEN NEW BEETLE'],['VOLKSWAGEN NEW BEETLE'],['VOLKSWAGEN JETTA'],['VOLKSWAGEN JETTA']
620,VOLKSWAGEN EOS,['VOLKSWAGEN POLO'],['VOLKSWAGEN: EOS'],['VOLKSWAGEN EOS'],['VOLKSWAGEN EOS'],['VOLKSWAGEN POLO'],['VOLKSWAGEN POLO']
621,VOLKSWAGEN GOLF PLUS,['VOLKSWAGEN GOLF PLUS'],['VOLKSWAGEN: GOLF'],['VOLKSWAGEN GOLF PLUS'],['VOLKSWAGEN GOLF PLUS'],['VOLKSWAGEN GOLF'],['VOLKSWAGEN GOLF']
622,VOLKSWAGEN GOLF VI,['VOLKSWAGEN GOLF'],['VOLKSWAGEN: GOLF'],['VOLKSWAGEN GOLF'],['VOLKSWAGEN GOLF GTI'],['VOLKSWAGEN GOLF'],['VOLKSWAGEN GOLF']
623,VOLKSWAGEN GOLF VII,['VOLKSWAGEN GOLF'],['VOLKSWAGEN: GOLF'],['VOLKSWAGEN GOLF'],['VOLKSWAGEN GOLF GTI'],['VOLKSWAGEN GOLF'],['VOLKSWAGEN GOLF']
624,VOLKSWAGEN JETTA,['VOLKSWAGEN JETTA'],['VOLKSWAGEN: JETTA'],['VOLKSWAGEN JETTA'],['VOLKSWAGEN JETTA'],['VOLKSWAGEN JETTA'],['VOLKSWAGEN JETTA']
625,VOLKSWAGEN NEW BEETLE,['VOLKSWAGEN BEETLE'],['VOLKSWAGEN: BEETLE'],['VOLKSWAGEN NEW BEETLE'],['VOLKSWAGEN NEW BEETLE'],['VOLKSWAGEN JETTA'],['VOLKSWAGEN JETTA']
626,VOLKSWAGEN PASSAT,['VOLKSWAGEN PASSAT'],['VOLKSWAGEN: PASSAT'],['VOLKSWAGEN PASSAT'],['VOLKSWAGEN PASSAT'],['VOLKSWAGEN PASSAT'],['VOLKSWAGEN PASSAT']
627,VOLKSWAGEN PHAETON,['VOLKSWAGEN PHAETON'],['VOLKSWAGEN: PHAETON'],['VOLKSWAGEN PHAETON'],['VOLKSWAGEN PHAETON'],['VOLKSWAGEN PHAETON'],['VOLKSWAGEN TOURAN']
628,VOLKSWAGEN POLO,['VOLKSWAGEN POLO'],['VOLKSWAGEN: POLO'],['VOLKSWAGEN POLO'],['VOLKSWAGEN POLO'],['VOLKSWAGEN POLO'],['VOLKSWAGEN POLO']
629,VOLKSWAGEN SCIROCCO,['VOLKSWAGEN SCIROCCO'],['VOLKSWAGEN: SCIROCCO'],['VOLKSWAGEN SCIROCCO'],['VOLKSWAGEN SCIROCCO'],['VOLKSWAGEN SCIROCCO'],['VOLKSWAGEN POLO']
630,VOLKSWAGEN SHARAN,['VOLKSWAGEN SHARAN'],['VOLKSWAGEN: SHARAN'],['VOLKSWAGEN SHARAN'],['VOLKSWAGEN SHARAN'],['VOLKSWAGEN PHAETON'],['VOLKSWAGEN TOURAN']
631,VOLKSWAGEN TERAMONT,['VOLKSWAGEN TOURAN'],['VOLKSWAGEN: TOURAN'],['VOLKSWAGEN TOURAN'],['VOLKSWAGEN TOURAN'],['VOLKSWAGEN TIGUAN'],['VOLKSWAGEN TOURAN']
632,VOLKSWAGEN TIGUAN,['VOLKSWAGEN TIGUAN'],['VOLKSWAGEN: TIGUAN'],['VOLKSWAGEN TIGUAN'],['VOLKSWAGEN TIGUAN'],['VOLKSWAGEN TIGUAN'],['VOLKSWAGEN TIGUAN']
633,VOLKSWAGEN TOUAREG,['VOLKSWAGEN TOUAREG'],['VOLKSWAGEN: TOUAREG'],['VOLKSWAGEN TOUAREG'],['VOLKSWAGEN TOUAREG'],['VOLKSWAGEN TOUAREG'],['VOLKSWAGEN TOUAREG']
634,VOLKSWAGEN TOURAN,['VOLKSWAGEN TOURAN'],['VOLKSWAGEN: TOURAN'],['VOLKSWAGEN TOURAN'],['VOLKSWAGEN TOURAN'],['VOLKSWAGEN TIGUAN'],['VOLKSWAGEN TOURAN']
635,VOLVO C30,['VOLVO C30'],['VOLVO: C70'],['VOLVO C30'],['VOLVO C30'],['VOLVO XC 90'],['VOLVO XC90']
636,VOLVO C70,['VOLVO C70'],['VOLVO: C70'],['VOLVO C70'],['VOLVO C70'],['VOLVO XC 70'],['VOLVO XC70']
637,VOLVO S40,['VOLVO S40'],['VOLVO: S40'],['VOLVO S40'],['VOLVO S40'],['VOLVO S40'],['VOLVO V40']
638,VOLVO S60,['VOLVO S60'],['VOLVO: S60'],['VOLVO S60'],['VOLVO S60'],['VOLVO S60'],['VOLVO S60']
639,VOLVO S80,['VOLVO S80'],['VOLVO: S80'],['VOLVO S80'],['VOLVO S80'],['VOLVO S80'],['VOLVO S80']
640,VOLVO S90,['VOLVO S80'],['VOLVO: S80'],['VOLVO S80'],['VOLVO S80'],['VOLVO S80'],['VOLVO S80']
641,VOLVO V40,['VOLVO V70'],['VOLVO: V70'],['VOLVO V70'],['VOLVO V40'],['VOLVO V40'],['VOLVO V40']
642,VOLVO V50,['VOLVO V50'],['VOLVO: V70'],['VOLVO V50'],['VOLVO V50'],['VOLVO V40'],['VOLVO V40']
643,VOLVO V60,['VOLVO V60'],['VOLVO: V70'],['VOLVO V60'],['VOLVO V60'],['VOLVO V40'],['VOLVO V40']
644,VOLVO V70,['VOLVO V70'],['VOLVO: V70'],['VOLVO V70'],['VOLVO V70'],['VOLVO V40'],['VOLVO V40']
645,VOLVO V90,['VOLVO V70'],['VOLVO: V70'],['VOLVO V70'],['VOLVO V70'],['VOLVO V40'],['VOLVO V40']
646,VOLVO XC60,['VOLVO XC60'],['VOLVO: XC90'],['VOLVO XC60'],['VOLVO XC60'],['VOLVO XC 60'],['VOLVO XC60']
647,VOLVO XC70,['VOLVO XC70'],['VOLVO: C70'],['VOLVO XC70'],['VOLVO XC70'],['VOLVO XC 70'],['VOLVO XC70']
648,VOLVO XC90,['VOLVO XC90'],['VOLVO: XC90'],['VOLVO XC90'],['VOLVO XC90'],['VOLVO XC 90'],['VOLVO XC90']
649,VORTEX CORDA,['OPEL CORSA'],[],['TAGAZ (VORTEX) CORDA'],['VORTEX CORDA'],['OPEL CORSA'],['VORTEX TINGO']
650,VORTEX ESTINA,['TAGAZ VORTEX TINGO'],[],['TAGAZ (VORTEX) ESTINA'],['VORTEX ESTINA'],[],['VORTEX TINGO']
651,VORTEX ESTINA FL,[],[],['TAGAZ (VORTEX) ESTINA'],['VORTEX ESTINA'],[],['VORTEX TINGO']
652,VORTEX TINGO,['TAGAZ VORTEX TINGO'],[],['TAGAZ (VORTEX) TINGO'],['VORTEX TINGO'],[],['VORTEX TINGO']
653,VORTEX TINGO FL,['TAGAZ VORTEX TINGO'],[],['TAGAZ (VORTEX) TINGO'],['VORTEX TINGO'],[],['VORTEX TINGO']
